ts_ns,cpu_khz,cpu_min_khz,cpu_max_khz,cpu_governor,gpu_hz,gpu_min_hz,gpu_max_hz,gpu_governor,fan_cur_state,fan_max_state,fan_pwm,temp_cpu_mC,temp_gpu_mC,temp_soc0_mC,temp_soc1_mC,temp_soc2_mC,temp_tj_mC,vdd_in_mW,vdd_cpu_gpu_cv_mW,vdd_soc_mW,ina260_current_A,ina260_voltage_V,ina260_power_W
5258067085868,729600,729600,1728000,schedutil,306000000,306000000,1020000000,nvhost_podgov,0,3,-1,43562,44781,44656,43906,44031,44781,-1,-1,-1,0.37625,19.275,7.26
5258167197256,729600,729600,1728000,schedutil,306000000,306000000,1020000000,nvhost_podgov,0,3,-1,43593,44718,44656,43906,44062,44718,-1,-1,-1,0.34875,19.2812,6.72
5258267166625,729600,729600,1728000,schedutil,306000000,306000000,1020000000,nvhost_podgov,0,3,-1,43687,44781,44781,44093,44031,44781,4816,557,1433,0.33875,19.2812,6.53
5258367180187,729600,729600,1728000,schedutil,306000000,306000000,1020000000,nvhost_podgov,0,3,-1,43625,44875,44750,44062,44093,44875,4776,557,1433,0.3675,19.275,7.08
5258467185012,729600,729600,1728000,schedutil,306000000,306000000,1020000000,nvhost_podgov,0,3,-1,43625,44781,44656,44093,44031,44781,4944,636,1433,0.34125,19.2812,6.58
5258567163500,729600,729600,1728000,schedutil,306000000,306000000,1020000000,nvhost_podgov,0,3,-1,43562,44687,44750,44000,44062,44687,4944,597,1433,0.3375,19.2838,6.5
5258667161349,729600,729600,1728000,schedutil,306000000,306000000,1020000000,nvhost_podgov,0,3,-1,43625,44875,44687,44031,44093,44875,4904,597,1433,0.36125,19.28,6.75
5258767156446,729600,729600,1728000,schedutil,306000000,306000000,1020000000,nvhost_podgov,0,3,-1,43781,44812,44656,44031,44093,44812,4904,597,1433,0.33875,19.2812,6.53
5258867170775,729600,729600,1728000,schedutil,306000000,306000000,1020000000,nvhost_podgov,0,3,-1,43562,44718,44656,44000,44093,44718,4904,597,1433,0.34625,19.2838,6.68
5258967373045,729600,729600,1728000,schedutil,306000000,306000000,1020000000,nvhost_podgov,0,3,-1,43625,44968,44593,43906,44062,44968,4864,597,1433,0.34,19.2825,6.55
5259067168169,729600,729600,1728000,schedutil,306000000,306000000,1020000000,nvhost_podgov,0,3,-1,43812,44906,44781,44125,44062,44906,4864,597,1433,0.37125,19.2712,7.13
5259167172930,729600,729600,1728000,schedutil,306000000,306000000,1020000000,nvhost_podgov,0,3,-1,43625,44625,44718,44125,44062,44625,4904,636,1433,0.38125,19.2688,7.35
5259267180347,729600,729600,1728000,schedutil,306000000,306000000,1020000000,nvhost_podgov,0,3,-1,43687,44625,44656,44125,44031,44843,4984,676,1433,0.3375,19.2838,6.5
5259367177588,729600,729600,1728000,schedutil,306000000,306000000,1020000000,nvhost_podgov,0,3,-1,43593,44906,44687,43968,43968,44906,4984,676,1433,0.335,19.2862,6.55
5259467166188,729600,729600,1728000,schedutil,306000000,306000000,1020000000,nvhost_podgov,0,3,-1,43625,44625,44656,44062,43968,44718,4984,636,1433,0.34375,19.28,6.63
5259567167685,729600,729600,1728000,schedutil,306000000,306000000,1020000000,nvhost_podgov,0,3,-1,43593,44687,44656,43937,44062,44687,4944,636,1433,0.33875,19.28,6.53
5259667153053,729600,729600,1728000,schedutil,306000000,306000000,1020000000,nvhost_podgov,0,3,-1,43531,44781,44625,44062,43906,44781,4904,636,1433,0.33625,19.2775,6.48
5259767162005,729600,729600,1728000,schedutil,306000000,306000000,1020000000,nvhost_podgov,0,3,-1,43718,44718,44593,43968,44093,44718,4904,636,1433,0.3425,19.2787,6.69
5259867167278,729600,729600,1728000,schedutil,306000000,306000000,1020000000,nvhost_podgov,0,3,-1,43781,44718,44781,44187,44031,44718,4864,597,1433,0.3375,19.28,6.5
5259967168614,729600,729600,1728000,schedutil,306000000,306000000,1020000000,nvhost_podgov,0,3,-1,43562,44687,44812,44187,44031,44687,4864,597,1433,0.34,19.2812,6.55
5260067162622,729600,729600,1728000,schedutil,306000000,306000000,1020000000,nvhost_podgov,0,3,-1,43625,44687,44781,44062,44062,44687,4824,597,1433,0.34,19.28,6.63
5260167174071,729600,729600,1728000,schedutil,306000000,306000000,1020000000,nvhost_podgov,0,3,-1,43562,44625,44718,44093,44000,44718,4824,597,1433,0.36375,19.2712,7.01
5260267166991,729600,729600,1728000,schedutil,306000000,306000000,1020000000,nvhost_podgov,0,3,-1,43562,44781,44593,44031,44031,44781,4824,597,1433,0.3625,19.2775,6.99
5260367160807,729600,729600,1728000,schedutil,306000000,306000000,1020000000,nvhost_podgov,0,3,-1,43625,44656,44687,44000,44062,44718,4824,597,1433,0.41625,19.2662,7.95
5260467174272,729600,729600,1728000,schedutil,306000000,306000000,1020000000,nvhost_podgov,0,3,-1,43687,44906,44625,44062,44031,44906,4904,636,1433,0.35625,19.275,6.86
5260567156759,729600,729600,1728000,schedutil,306000000,306000000,1020000000,nvhost_podgov,0,3,-1,43750,44843,44656,44062,44093,44843,4904,597,1433,0.36375,19.2775,7.01
5260667168431,729600,729600,1728000,schedutil,306000000,306000000,1020000000,nvhost_podgov,0,3,-1,43781,44781,44656,43968,44031,44781,4904,597,1433,0.37375,19.2688,7.21
5260767373228,729600,729600,1728000,schedutil,306000000,306000000,1020000000,nvhost_podgov,0,3,-1,43687,44875,44843,43968,44062,44875,4864,597,1433,0.365,19.2775,7.03
5260867169183,729600,729600,1728000,schedutil,306000000,306000000,1020000000,nvhost_podgov,0,3,-1,43593,44875,44687,44062,44062,44875,4864,597,1433,0.35875,19.2763,6.91
5260967169815,729600,729600,1728000,schedutil,306000000,306000000,1020000000,nvhost_podgov,0,3,-1,43562,44812,44687,44125,43968,44812,4824,597,1433,0.36375,19.2787,7.01
5261067368307,729600,729600,1728000,schedutil,306000000,306000000,1020000000,nvhost_podgov,0,3,-1,43562,44968,44750,44062,43906,44968,4824,557,1433,0.3525,19.2787,6.94
5261167162150,729600,729600,1728000,schedutil,306000000,306000000,1020000000,nvhost_podgov,0,3,-1,43500,44843,44687,44000,43968,44843,4824,557,1433,0.3625,19.2737,6.99
5261267163742,729600,729600,1728000,schedutil,306000000,306000000,1020000000,nvhost_podgov,0,3,-1,43687,44781,44687,44062,44000,44781,4784,557,1433,0.3575,19.28,6.89
5261367167638,729600,729600,1728000,schedutil,306000000,306000000,1020000000,nvhost_podgov,0,3,-1,43750,44968,44656,44093,43968,44968,4784,557,1433,0.3575,19.2763,6.99
5261467171117,729600,729600,1728000,schedutil,306000000,306000000,1020000000,nvhost_podgov,0,3,-1,43687,44875,44656,43906,44093,44875,4824,557,1433,0.36375,19.2787,7.01
5261567167557,729600,729600,1728000,schedutil,306000000,306000000,1020000000,nvhost_podgov,0,3,-1,43687,44718,44593,44000,44062,44718,4824,597,1433,0.3625,19.2763,7.27
5261667168284,729600,729600,1728000,schedutil,306000000,306000000,1020000000,nvhost_podgov,0,3,-1,43687,44687,44781,44031,44062,44687,4824,597,1433,0.37125,19.2775,7.01
5261767164275,729600,729600,1728000,schedutil,306000000,306000000,1020000000,nvhost_podgov,0,3,-1,43531,44906,44812,44062,44031,44906,4824,557,1433,0.36625,19.2775,7.05
5261867164842,729600,729600,1728000,schedutil,306000000,306000000,1020000000,nvhost_podgov,0,3,-1,43593,44687,44656,44093,44000,44781,4824,557,1433,0.34125,19.2812,6.58
5261967166498,729600,729600,1728000,schedutil,306000000,306000000,1020000000,nvhost_podgov,0,3,-1,43531,44593,44687,43968,43906,44687,4824,557,1433,0.34375,19.28,6.5
5262067164985,729600,729600,1728000,schedutil,306000000,306000000,1020000000,nvhost_podgov,0,3,-1,43687,44625,44625,44062,44031,44750,4824,557,1433,0.335,19.2838,6.45
5262167161552,729600,729600,1728000,schedutil,306000000,306000000,1020000000,nvhost_podgov,0,3,-1,43750,44656,44656,44000,44156,44687,4784,557,1433,0.34625,19.2838,6.68
5262267160103,729600,729600,1728000,schedutil,306000000,306000000,1020000000,nvhost_podgov,0,3,-1,43562,44718,44593,44031,44062,44718,4784,557,1433,0.33375,19.28,6.44
5262367166334,729600,729600,1728000,schedutil,306000000,306000000,1020000000,nvhost_podgov,0,3,-1,43656,44593,44781,43906,44062,44656,4784,557,1433,0.34,19.2838,6.53
5262467175254,729600,729600,1728000,schedutil,306000000,306000000,1020000000,nvhost_podgov,0,3,-1,43687,44750,44718,44125,43968,44750,4784,557,1433,0.38375,19.2712,7.4
5262567173932,729600,729600,1728000,schedutil,306000000,306000000,1020000000,nvhost_podgov,0,3,-1,43531,44812,44750,44093,44062,44812,4784,557,1433,0.37125,19.2737,7.16
5262667174851,729600,729600,1728000,schedutil,306000000,306000000,1020000000,nvhost_podgov,0,3,-1,43593,44843,44718,44000,44093,44843,4784,557,1433,0.345,19.2875,6.71
5262767169370,729600,729600,1728000,schedutil,306000000,306000000,1020000000,nvhost_podgov,0,3,-1,43593,44687,44687,43968,44062,44750,4824,557,1433,0.33875,19.2812,6.53
5262867171632,729600,729600,1728000,schedutil,306000000,306000000,1020000000,nvhost_podgov,0,3,-1,43562,44750,44656,44031,44062,44750,4784,557,1433,0.33875,19.2812,6.53
5262967171079,729600,729600,1728000,schedutil,306000000,306000000,1020000000,nvhost_podgov,0,3,-1,43468,44812,44593,44000,44062,44812,4784,557,1433,0.3425,19.2812,6.68
5263067170590,729600,729600,1728000,schedutil,306000000,306000000,1020000000,nvhost_podgov,0,3,-1,43593,44687,44687,44062,44156,44687,4784,557,1433,0.3375,19.2825,6.53
5263167171764,729600,729600,1728000,schedutil,306000000,306000000,1020000000,nvhost_podgov,0,3,-1,43687,44718,44843,43906,44062,44718,4784,557,1433,0.33625,19.2812,6.49
5263267159403,729600,729600,1728000,schedutil,306000000,306000000,1020000000,nvhost_podgov,0,3,-1,43687,44781,44781,44062,44062,44781,4784,557,1433,0.34,19.2812,6.55
5263367159745,729600,729600,1728000,schedutil,306000000,306000000,1020000000,nvhost_podgov,0,3,-1,43656,44718,44718,44093,44062,44718,4824,557,1433,0.3425,19.2812,6.6
5263467374333,729600,729600,1728000,schedutil,306000000,306000000,1020000000,nvhost_podgov,0,3,-1,43625,44937,44750,44156,44000,44937,4824,557,1433,0.34875,19.275,6.72
5263567174830,729600,729600,1728000,schedutil,306000000,306000000,1020000000,nvhost_podgov,0,3,-1,43562,44906,44750,44062,44031,44906,4784,557,1433,0.3425,19.28,6.6
5263667170468,729600,729600,1728000,schedutil,306000000,306000000,1020000000,nvhost_podgov,0,3,-1,43593,44843,44656,43968,44000,44843,4824,557,1433,0.34,19.2812,6.66
5263767151354,729600,729600,1728000,schedutil,306000000,306000000,1020000000,nvhost_podgov,0,3,-1,43531,44562,44656,43937,44031,44718,4824,557,1433,0.3425,19.2775,6.6
5263867174321,729600,729600,1728000,schedutil,306000000,306000000,1020000000,nvhost_podgov,0,3,-1,43625,44937,44656,43937,44031,44937,4824,557,1433,0.33875,19.28,6.53
5263967165383,729600,729600,1728000,schedutil,306000000,306000000,1020000000,nvhost_podgov,0,3,-1,43718,44875,44593,43968,44156,44875,4824,557,1433,0.34,19.2838,6.63
5264067162685,729600,729600,1728000,schedutil,306000000,306000000,1020000000,nvhost_podgov,0,3,-1,43906,44593,44750,44000,44093,44687,4784,557,1433,0.3375,19.2838,6.5
5264167165843,729600,729600,1728000,schedutil,306000000,306000000,1020000000,nvhost_podgov,0,3,-1,43656,44906,44750,44156,44093,44906,4784,557,1433,0.33625,19.2812,6.49
5264267175753,729600,729600,1728000,schedutil,306000000,306000000,1020000000,nvhost_podgov,0,3,-1,43718,44687,44781,44093,44093,44687,4904,597,1433,0.36625,19.2688,7.05
5264367188832,729600,729600,1728000,schedutil,306000000,306000000,1020000000,nvhost_podgov,0,3,-1,43562,44656,44718,44031,44062,44812,4904,597,1433,0.36875,19.2688,7.1
5264467184117,729600,729600,1728000,schedutil,306000000,306000000,1020000000,nvhost_podgov,0,3,-1,43562,44656,44687,43968,44031,44750,4904,597,1433,0.34125,19.28,6.58
5264567177515,729600,729600,1728000,schedutil,306000000,306000000,1020000000,nvhost_podgov,0,3,-1,43531,44625,44687,44093,44062,44750,4904,597,1433,0.33375,19.2787,6.44
5264667175104,729600,729600,1728000,schedutil,306000000,306000000,1020000000,nvhost_podgov,0,3,-1,43656,44656,44656,44000,44000,44781,4904,597,1433,0.39875,19.27,6.58
5264767162646,729600,729600,1728000,schedutil,306000000,306000000,1020000000,nvhost_podgov,0,3,-1,43750,44562,44718,44000,44093,44687,4864,597,1433,0.3625,19.2737,6.99
5264867169227,729600,729600,1728000,schedutil,306000000,306000000,1020000000,nvhost_podgov,0,3,-1,43531,44687,44687,44031,44093,44687,4864,597,1433,0.3675,19.2763,7.08
5264967167841,729600,729600,1728000,schedutil,306000000,306000000,1020000000,nvhost_podgov,0,3,-1,43593,44718,44750,44093,44000,44718,4824,597,1433,0.36375,19.2763,7.01
5265067154358,729600,729600,1728000,schedutil,306000000,306000000,1020000000,nvhost_podgov,0,3,-1,43687,44781,44687,44125,44093,44781,4824,557,1433,0.36,19.2763,6.94
5265167170796,729600,729600,1728000,schedutil,306000000,306000000,1020000000,nvhost_podgov,0,3,-1,43593,44812,44750,44156,44093,44812,4824,557,1433,0.37125,19.27,7.16
5265267175682,729600,729600,1728000,schedutil,306000000,306000000,1020000000,nvhost_podgov,0,3,-1,43562,44687,44718,43968,44000,44812,4824,557,1433,0.35875,19.2775,6.96
5265367171255,729600,729600,1728000,schedutil,306000000,306000000,1020000000,nvhost_podgov,0,3,-1,43687,44843,44656,44062,44031,44843,4824,557,1433,0.39375,19.2675,7.9
5265467185293,729600,729600,1728000,schedutil,306000000,306000000,1020000000,nvhost_podgov,0,3,-1,43687,44718,44687,44031,44031,44750,4904,636,1433,0.36125,19.2763,6.96
5265567169154,729600,729600,1728000,schedutil,306000000,306000000,1020000000,nvhost_podgov,0,3,-1,43781,44781,44625,43968,44093,44781,4904,597,1433,0.36,19.275,6.96
5265667172503,729600,729600,1728000,schedutil,306000000,306000000,1020000000,nvhost_podgov,0,3,-1,43593,44843,44656,43968,44093,44843,4864,597,1433,0.36375,19.2775,7.04
5265767163468,729600,729600,1728000,schedutil,306000000,306000000,1020000000,nvhost_podgov,0,3,-1,43718,44843,44750,44093,44125,44843,4864,597,1433,0.36,19.2787,6.94
5265867169889,729600,729600,1728000,schedutil,306000000,306000000,1020000000,nvhost_podgov,0,3,-1,43687,44750,44781,44156,44031,45031,4824,597,1433,0.35875,19.2763,6.91
5265967165878,729600,729600,1728000,schedutil,306000000,306000000,1020000000,nvhost_podgov,0,3,-1,43562,44906,44718,44125,44000,44906,4824,557,1433,0.3625,19.2725,6.99
5266067166443,729600,729600,1728000,schedutil,306000000,306000000,1020000000,nvhost_podgov,0,3,-1,43656,44843,44656,44031,44062,44843,4824,557,1433,0.3875,19.2688,7.46
5266167172704,729600,729600,1728000,schedutil,306000000,306000000,1020000000,nvhost_podgov,0,3,-1,43531,44625,44781,44031,43968,44812,4816,557,1433,0.385,19.2688,7.42
5266267170613,729600,729600,1728000,schedutil,306000000,306000000,1020000000,nvhost_podgov,0,3,-1,43656,44937,44656,43937,43968,44937,4824,557,1433,0.3825,19.2688,7.46
5266367173674,729600,729600,1728000,schedutil,306000000,306000000,1020000000,nvhost_podgov,0,3,-1,43468,44937,44656,43937,43968,44937,4824,557,1433,0.38375,19.2625,7.39
5266467175551,729600,729600,1728000,schedutil,306000000,306000000,1020000000,nvhost_podgov,0,3,-1,43687,44562,44656,43906,44156,44656,4864,597,1433,0.39125,19.2662,7.54
5266567166835,729600,729600,1728000,schedutil,306000000,306000000,1020000000,nvhost_podgov,0,3,-1,43625,44593,44781,44000,44093,44656,4864,597,1433,0.39,19.27,7.59
5266667165800,729600,729600,1728000,schedutil,306000000,306000000,1020000000,nvhost_podgov,0,3,-1,43718,44906,44750,44218,44062,44687,4856,597,1433,0.38875,19.265,7.49
5266767165788,729600,729600,1728000,schedutil,306000000,306000000,1020000000,nvhost_podgov,0,3,-1,43531,44687,44718,44031,44125,44687,4824,597,1433,0.38875,19.2662,7.49
5266867171473,729600,729600,1728000,schedutil,306000000,306000000,1020000000,nvhost_podgov,0,3,-1,43656,44750,44687,44156,44125,44812,4824,557,1433,0.40375,19.265,7.78
5266967177125,729600,729600,1728000,schedutil,306000000,306000000,1020000000,nvhost_podgov,0,3,-1,43593,44687,44656,44000,44062,44750,4824,557,1433,0.37,19.2725,7.23
5267067167769,729600,729600,1728000,schedutil,306000000,306000000,1020000000,nvhost_podgov,0,3,-1,43687,44750,44718,44031,44062,44750,4824,557,1433,0.36375,19.2737,7.01
5267167173550,729600,729600,1728000,schedutil,306000000,306000000,1020000000,nvhost_podgov,0,3,-1,43531,44531,44625,44000,44000,44718,4824,557,1433,0.3625,19.2763,6.99
5267267168322,729600,729600,1728000,schedutil,306000000,306000000,1020000000,nvhost_podgov,0,3,-1,43625,44781,44656,43968,44093,44781,4824,557,1433,0.4625,19.25,8.91
5267367194968,883200,729600,1728000,schedutil,306000000,306000000,1020000000,nvhost_podgov,0,3,-1,44062,44750,44593,44000,44031,44750,4984,676,1433,0.465,19.25,8.95
5267467177739,729600,729600,1728000,schedutil,306000000,306000000,1020000000,nvhost_podgov,0,3,-1,44375,44718,44843,43937,44125,44718,5382,955,1475,0.4025,19.2712,7.76
5267567173887,729600,729600,1728000,schedutil,306000000,306000000,1020000000,nvhost_podgov,0,3,-1,43718,44812,44718,44093,44156,44812,5382,915,1475,0.36875,19.2787,7.23
5267667159379,729600,729600,1728000,schedutil,306000000,306000000,1020000000,nvhost_podgov,0,3,-1,43687,44718,44750,44062,44125,44781,5263,835,1472,0.375,19.2688,7.23
5267767169511,729600,729600,1728000,schedutil,306000000,306000000,1020000000,nvhost_podgov,0,3,-1,43593,44875,44656,44156,44093,44875,5263,835,1472,0.3975,19.27,7.65
5267867174875,729600,729600,1728000,schedutil,306000000,306000000,1020000000,nvhost_podgov,0,3,-1,43593,44812,44656,44093,44031,44812,5143,756,1472,0.3675,19.2725,7.05
5267967167151,729600,729600,1728000,schedutil,306000000,306000000,1020000000,nvhost_podgov,0,3,-1,43593,44750,44687,44000,44093,44750,5103,756,1472,0.36875,19.2763,7.1
5268067177603,729600,729600,1728000,schedutil,306000000,306000000,1020000000,nvhost_podgov,0,3,-1,43687,44906,44687,44093,44062,44906,5023,716,1433,0.36625,19.2725,7.05
5268167165911,729600,729600,1728000,schedutil,306000000,306000000,1020000000,nvhost_podgov,0,3,-1,43718,44781,44656,44031,44125,44781,4944,676,1433,0.3675,19.2737,7.18
5268267165226,729600,729600,1728000,schedutil,306000000,306000000,1020000000,nvhost_podgov,0,3,-1,43843,44750,44656,43968,44031,44750,4904,636,1433,0.36875,19.2725,7.1
5268367171038,729600,729600,1728000,schedutil,306000000,306000000,1020000000,nvhost_podgov,0,3,-1,43687,44937,44781,44125,44125,44937,4864,597,1433,0.3675,19.275,7.08
5268467173746,729600,729600,1728000,schedutil,306000000,306000000,1020000000,nvhost_podgov,0,3,-1,43718,44843,44843,44125,44156,44843,4864,597,1433,0.36625,19.275,7.07
5268567171206,729600,729600,1728000,schedutil,306000000,306000000,1020000000,nvhost_podgov,0,3,-1,43625,44625,44687,44125,44031,44843,4864,597,1433,0.36625,19.2725,7.05
5268667182905,729600,729600,1728000,schedutil,306000000,306000000,1020000000,nvhost_podgov,0,3,-1,43562,45031,44687,44093,44093,44781,4864,597,1433,0.3975,19.2638,7.65
5268767171212,729600,729600,1728000,schedutil,306000000,306000000,1020000000,nvhost_podgov,0,3,-1,43625,44906,44656,44000,44031,44906,4864,597,1433,0.37375,19.275,7.21
5268867172896,729600,729600,1728000,schedutil,306000000,306000000,1020000000,nvhost_podgov,0,3,-1,43718,44718,44687,44031,44031,44718,4864,597,1433,0.365,19.2737,7.13
5268967170387,729600,729600,1728000,schedutil,306000000,306000000,1020000000,nvhost_podgov,0,3,-1,43781,44656,44656,43968,44062,44656,4824,597,1433,0.36875,19.2712,7.1
5269067176167,729600,729600,1728000,schedutil,306000000,306000000,1020000000,nvhost_podgov,0,3,-1,43562,44937,44718,44031,44062,44937,4824,557,1433,0.365,19.2725,7.04
5269167165370,729600,729600,1728000,schedutil,306000000,306000000,1020000000,nvhost_podgov,0,3,-1,43656,44625,44781,44156,44031,44687,4824,557,1433,0.365,19.2712,7.16
5269267164493,729600,729600,1728000,schedutil,306000000,306000000,1020000000,nvhost_podgov,0,3,-1,43687,44625,44781,44187,44062,44718,4824,557,1433,0.3725,19.2725,7.13
5269367180833,729600,729600,1728000,schedutil,306000000,306000000,1020000000,nvhost_podgov,0,3,-1,43687,44750,44656,44093,44093,44812,4904,597,1433,0.3725,19.27,7.18
5269467173108,729600,729600,1728000,schedutil,306000000,306000000,1020000000,nvhost_podgov,0,3,-1,43625,44750,44656,44031,44093,44750,4944,636,1433,0.37,19.2725,7.13
5269567172967,729600,729600,1728000,schedutil,306000000,306000000,1020000000,nvhost_podgov,0,3,-1,43593,44625,44718,44093,44062,44875,4944,636,1433,0.38625,19.2625,7.44
5269667173721,729600,729600,1728000,schedutil,306000000,306000000,1020000000,nvhost_podgov,0,3,-1,43750,44718,44656,43968,44093,44750,4896,636,1433,0.38,19.2725,7.32
5269767164492,729600,729600,1728000,schedutil,306000000,306000000,1020000000,nvhost_podgov,0,3,-1,43875,44687,44656,44000,44156,44687,4896,597,1433,0.3925,19.2675,7.56
5269867165151,729600,729600,1728000,schedutil,306000000,306000000,1020000000,nvhost_podgov,0,3,-1,43593,44625,44656,44031,44125,44625,4856,597,1433,0.395,19.2688,7.71
5269967164050,729600,729600,1728000,schedutil,306000000,306000000,1020000000,nvhost_podgov,0,3,-1,43656,44812,44812,44125,44125,44812,4864,597,1433,0.38875,19.265,7.49
5270067167397,729600,729600,1728000,schedutil,306000000,306000000,1020000000,nvhost_podgov,0,3,-1,43750,44687,44781,44093,44125,44687,4816,557,1433,0.3925,19.27,7.56
5270167165527,729600,729600,1728000,schedutil,306000000,306000000,1020000000,nvhost_podgov,0,3,-1,43562,44906,44781,44125,44031,44906,4816,557,1433,0.3925,19.27,7.59
5270267170954,729600,729600,1728000,schedutil,306000000,306000000,1020000000,nvhost_podgov,0,3,-1,43687,44843,44687,44156,44093,44843,4904,597,1433,0.35875,19.275,6.91
5270367170333,729600,729600,1728000,schedutil,306000000,306000000,1020000000,nvhost_podgov,0,3,-1,43718,44625,44656,43968,44000,44750,4904,636,1433,0.41625,19.2638,8
5270467185904,729600,729600,1728000,schedutil,306000000,306000000,1020000000,nvhost_podgov,0,3,-1,43781,44906,44656,44093,44062,44906,4904,636,1433,0.36375,19.27,7.23
5270567174210,729600,729600,1728000,schedutil,306000000,306000000,1020000000,nvhost_podgov,0,3,-1,43562,44812,44687,44000,44031,44812,4904,636,1433,0.405,19.2712,7.81
5270667176788,729600,729600,1728000,schedutil,306000000,306000000,1020000000,nvhost_podgov,0,3,-1,43625,44843,44687,44000,44156,44843,4904,636,1433,0.35875,19.2787,6.91
5270767169703,729600,729600,1728000,schedutil,306000000,306000000,1020000000,nvhost_podgov,0,3,-1,43687,44968,44812,44000,44062,44968,4904,597,1433,0.36,19.275,6.94
5270867169369,729600,729600,1728000,schedutil,306000000,306000000,1020000000,nvhost_podgov,0,3,-1,43781,44750,44812,44250,44093,44750,4856,597,1433,0.365,19.275,7.08
5270967165867,729600,729600,1728000,schedutil,306000000,306000000,1020000000,nvhost_podgov,0,3,-1,43593,44875,44718,44093,44062,44687,4824,597,1433,0.36,19.28,6.94
5271067161597,729600,729600,1728000,schedutil,306000000,306000000,1020000000,nvhost_podgov,0,3,-1,43656,44687,44656,44093,43968,44843,4824,557,1433,0.3575,19.2737,6.89
5271167166416,729600,729600,1728000,schedutil,306000000,306000000,1020000000,nvhost_podgov,0,3,-1,43562,44968,44718,44093,44156,44968,4824,557,1433,0.36,19.2787,6.89
5271267167138,729600,729600,1728000,schedutil,306000000,306000000,1020000000,nvhost_podgov,0,3,-1,43562,44562,44718,43968,44000,44781,4816,557,1433,0.375,19.2763,7.23
5271367172500,729600,729600,1728000,schedutil,306000000,306000000,1020000000,nvhost_podgov,0,3,-1,43531,44593,44750,44000,44062,44656,4816,557,1433,0.36,19.275,6.94
5271467184135,729600,729600,1728000,schedutil,306000000,306000000,1020000000,nvhost_podgov,0,3,-1,43687,44937,44687,44031,44125,44937,4816,557,1433,0.36,19.2775,7.07
5271567172024,729600,729600,1728000,schedutil,306000000,306000000,1020000000,nvhost_podgov,0,3,-1,43687,44687,44687,44000,44062,44687,4824,557,1433,0.355,19.2675,6.84
5271667180010,729600,729600,1728000,schedutil,306000000,306000000,1020000000,nvhost_podgov,0,3,-1,43750,44687,44687,44031,44031,44687,4824,557,1433,0.355,19.2763,6.85
5271767167451,729600,729600,1728000,schedutil,306000000,306000000,1020000000,nvhost_podgov,0,3,-1,43625,44625,44718,44062,44125,44625,4816,557,1433,0.3625,19.275,6.89
5271867171533,729600,729600,1728000,schedutil,306000000,306000000,1020000000,nvhost_podgov,0,3,-1,43562,44625,44687,44093,44093,44750,4824,557,1433,0.36375,19.2763,6.99
5271967170943,729600,729600,1728000,schedutil,306000000,306000000,1020000000,nvhost_podgov,0,3,-1,43593,44718,44656,44000,44093,44718,4824,557,1433,0.3625,19.275,6.99
5272067160785,729600,729600,1728000,schedutil,306000000,306000000,1020000000,nvhost_podgov,0,3,-1,43531,44843,44718,44062,44031,44843,4776,557,1433,0.35875,19.275,6.91
5272167175011,729600,729600,1728000,schedutil,306000000,306000000,1020000000,nvhost_podgov,0,3,-1,43562,44750,44687,44000,44031,44750,4776,557,1433,0.38375,19.2688,7.4
5272267171892,729600,729600,1728000,schedutil,306000000,306000000,1020000000,nvhost_podgov,0,3,-1,43687,44750,44718,44031,44125,44750,4776,557,1433,0.3625,19.275,6.99
5272367176678,729600,729600,1728000,schedutil,306000000,306000000,1020000000,nvhost_podgov,0,3,-1,43750,44781,44656,44000,44156,44781,4776,557,1433,0.36375,19.275,7.01
5272467176376,729600,729600,1728000,schedutil,306000000,306000000,1020000000,nvhost_podgov,0,3,-1,43656,44843,44656,43968,44093,44843,4784,557,1433,0.36125,19.275,7.07
5272567167561,729600,729600,1728000,schedutil,306000000,306000000,1020000000,nvhost_podgov,0,3,-1,43687,44750,44781,44156,44062,44750,4776,557,1433,0.365,19.2737,7.04
5272667182266,729600,729600,1728000,schedutil,306000000,306000000,1020000000,nvhost_podgov,0,3,-1,43656,44906,44812,44125,44000,44906,4784,557,1433,0.3975,19.2688,7.65
5272767383632,729600,729600,1728000,schedutil,306000000,306000000,1020000000,nvhost_podgov,0,3,-1,43562,44781,44750,44062,44031,44781,4824,557,1433,0.34375,19.2775,6.69
5272867169532,729600,729600,1728000,schedutil,306000000,306000000,1020000000,nvhost_podgov,0,3,-1,43656,44843,44750,44093,44062,44843,4824,557,1433,0.34375,19.2838,6.63
5272967178926,729600,729600,1728000,schedutil,306000000,306000000,1020000000,nvhost_podgov,0,3,-1,43593,44906,44656,43937,44125,44906,4784,557,1433,0.3425,19.2812,6.6
5273067172223,729600,729600,1728000,schedutil,306000000,306000000,1020000000,nvhost_podgov,0,3,-1,43718,44687,44656,44000,44031,44812,4784,557,1433,0.36125,19.2712,6.96
5273167332500,729600,729600,1728000,schedutil,306000000,306000000,1020000000,nvhost_podgov,0,3,-1,43781,44968,44625,44000,44093,44968,4776,557,1433,0.3425,19.2838,6.6
5273267166881,729600,729600,1728000,schedutil,306000000,306000000,1020000000,nvhost_podgov,0,3,-1,43625,44812,44750,44031,44093,44812,4776,557,1433,0.33625,19.2812,6.49
5273367165842,729600,729600,1728000,schedutil,306000000,306000000,1020000000,nvhost_podgov,0,3,-1,43687,44875,44750,44093,44062,44875,4776,557,1433,0.33875,19.2812,6.53
5273467169923,729600,729600,1728000,schedutil,306000000,306000000,1020000000,nvhost_podgov,0,3,-1,43531,44625,44812,44125,44031,44687,4784,557,1433,0.3375,19.28,6.68
5273567166004,729600,729600,1728000,schedutil,306000000,306000000,1020000000,nvhost_podgov,0,3,-1,43593,45000,44750,44125,44031,45000,4784,557,1433,0.34,19.2838,6.55
5273667169412,729600,729600,1728000,schedutil,306000000,306000000,1020000000,nvhost_podgov,0,3,-1,43531,44718,44718,44062,44093,44812,4824,557,1433,0.34125,19.2838,6.58
5273767164213,729600,729600,1728000,schedutil,306000000,306000000,1020000000,nvhost_podgov,0,3,-1,43593,44718,44781,44000,44062,44718,4816,557,1433,0.34125,19.2787,6.58
5273867162085,729600,729600,1728000,schedutil,306000000,306000000,1020000000,nvhost_podgov,0,3,-1,43718,45031,44625,44000,44062,44750,4816,557,1433,0.335,19.2812,6.46
5273967169686,729600,729600,1728000,schedutil,306000000,306000000,1020000000,nvhost_podgov,0,3,-1,43531,44656,44687,44031,44093,44687,4816,557,1433,0.3875,19.28,7.48
5274067171879,729600,729600,1728000,schedutil,306000000,306000000,1020000000,nvhost_podgov,0,3,-1,43718,44687,44656,44031,44093,44687,4776,557,1433,0.3425,19.28,6.44
5274167174424,729600,729600,1728000,schedutil,306000000,306000000,1020000000,nvhost_podgov,0,3,-1,43750,44625,44750,43968,44062,44656,4816,557,1433,0.3425,19.2712,6.6
5274267167880,729600,729600,1728000,schedutil,306000000,306000000,1020000000,nvhost_podgov,0,3,-1,43562,44781,44781,44031,44093,44781,4816,557,1433,0.3375,19.2812,6.5
5274367191897,729600,729600,1728000,schedutil,306000000,306000000,1020000000,nvhost_podgov,0,3,-1,43718,44656,44656,44156,44000,44781,4816,557,1433,0.41375,19.2662,7.71
5274467182442,729600,729600,1728000,schedutil,306000000,306000000,1020000000,nvhost_podgov,0,3,-1,43531,44843,44687,44062,44062,44843,4904,597,1433,0.34125,19.2812,6.72
5274567172346,729600,729600,1728000,schedutil,306000000,306000000,1020000000,nvhost_podgov,0,3,-1,43562,44750,44718,44031,44093,44812,4904,636,1433,0.34,19.28,6.55
5274667175498,729600,729600,1728000,schedutil,306000000,306000000,1020000000,nvhost_podgov,0,3,-1,43812,44750,44781,43937,44031,44750,4904,597,1433,0.335,19.2812,6.46
5274767164378,729600,729600,1728000,schedutil,306000000,306000000,1020000000,nvhost_podgov,0,3,-1,43562,44812,44656,43937,44031,44812,4904,597,1433,0.33625,19.2838,6.53
5274867168778,729600,729600,1728000,schedutil,306000000,306000000,1020000000,nvhost_podgov,0,3,-1,43718,44812,44656,44031,44093,44812,4904,597,1433,0.36375,19.2688,7.01
5274967172698,729600,729600,1728000,schedutil,306000000,306000000,1020000000,nvhost_podgov,0,3,-1,43750,44750,44687,44031,44156,44750,4864,597,1433,0.36,19.2737,6.94
5275067174026,729600,729600,1728000,schedutil,306000000,306000000,1020000000,nvhost_podgov,0,3,-1,43593,44843,44750,44156,44125,44843,4856,597,1433,0.35625,19.2763,6.94
5275167169434,729600,729600,1728000,schedutil,306000000,306000000,1020000000,nvhost_podgov,0,3,-1,43687,44750,44781,44125,44093,44750,4816,557,1433,0.3575,19.2737,6.89
5275267173578,1728000,729600,1728000,schedutil,306000000,306000000,1020000000,nvhost_podgov,0,3,-1,43656,44687,44718,44031,44062,44781,4824,557,1433,0.38375,19.2737,7.4
5275367170906,729600,729600,1728000,schedutil,306000000,306000000,1020000000,nvhost_podgov,0,3,-1,43750,44906,44718,44125,44093,44906,4824,597,1433,0.4075,19.2675,7.85
5275467178474,729600,729600,1728000,schedutil,306000000,306000000,1020000000,nvhost_podgov,0,3,-1,43531,44875,44687,44031,44062,44875,4904,636,1433,0.36125,19.275,6.96
5275567165402,729600,729600,1728000,schedutil,306000000,306000000,1020000000,nvhost_podgov,0,3,-1,43656,44656,44625,44000,44000,44656,4864,597,1433,0.36,19.2763,6.94
5275667228523,729600,729600,1728000,schedutil,306000000,306000000,1020000000,nvhost_podgov,0,3,-1,43687,44906,44718,44000,44093,44906,4864,597,1433,0.36,19.2763,6.94
5275767169497,729600,729600,1728000,schedutil,306000000,306000000,1020000000,nvhost_podgov,0,3,-1,43718,44906,44718,44000,44156,44906,4864,597,1433,0.375,19.2688,8.77
5275867173897,729600,729600,1728000,schedutil,306000000,306000000,1020000000,nvhost_podgov,0,3,-1,43593,44750,44812,44218,44093,44750,4864,597,1433,0.355,19.275,6.85
5275967168728,729600,729600,1728000,schedutil,306000000,306000000,1020000000,nvhost_podgov,0,3,-1,43625,45062,44781,44125,44125,45062,4824,597,1433,0.36125,19.2787,6.96
5276067168776,729600,729600,1728000,schedutil,306000000,306000000,1020000000,nvhost_podgov,0,3,-1,43562,44906,44750,44062,44156,44843,4824,557,1433,0.355,19.2763,6.96
5276167166647,729600,729600,1728000,schedutil,306000000,306000000,1020000000,nvhost_podgov,0,3,-1,43625,44656,44750,44093,44062,44718,4824,557,1433,0.35375,19.2725,6.82
