ts_ns,dt_ns,cpu_khz,cpu_min_khz,cpu_max_khz,cpu_governor,gpu_hz,gpu_min_hz,gpu_max_hz,gpu_governor,fan_cur_state,fan_max_state,fan_pwm,temp_cpu_mC,temp_gpu_mC,temp_soc0_mC,temp_soc1_mC,temp_soc2_mC,temp_tj_mC,vdd_in_mW,vdd_cpu_gpu_cv_mW,vdd_soc_mW
23457128630123,0,652800,115200,1728000,schedutil,306000000,306000000,1020000000,nvhost_podgov,0,3,70,47750,48562,48375,47968,47812,48562,,,
23457228759478,100129355,422400,115200,1728000,schedutil,306000000,306000000,1020000000,nvhost_podgov,0,3,70,47625,48531,48562,47937,47781,48687,,,
23457328729534,99970056,345600,115200,1728000,schedutil,306000000,306000000,1020000000,nvhost_podgov,0,3,70,47718,48687,48500,47968,47812,48687,5533,1112,1472
23457428709574,99980040,345600,115200,1728000,schedutil,306000000,306000000,1020000000,nvhost_podgov,0,3,70,47625,48562,48406,48125,47781,48562,5533,1152,1472
23457528717742,100008168,499200,115200,1728000,schedutil,306000000,306000000,1020000000,nvhost_podgov,0,3,70,47593,48687,48468,48062,47812,48687,5573,1152,1472
23457628701846,99984104,652800,115200,1728000,schedutil,306000000,306000000,1020000000,nvhost_podgov,0,3,70,47593,48718,48406,47968,47781,48718,5573,1152,1472
23457728711166,100009320,576000,115200,1728000,schedutil,306000000,306000000,1020000000,nvhost_podgov,0,3,70,47625,48562,48437,48062,47812,48781,5533,1152,1472
23457828707590,99996424,652800,115200,1728000,schedutil,306000000,306000000,1020000000,nvhost_podgov,0,3,70,47687,48812,48281,47968,47875,48812,5533,1152,1472
23457928722351,100014761,345600,115200,1728000,schedutil,306000000,306000000,1020000000,nvhost_podgov,0,3,70,47593,48718,48281,47937,47875,48718,5573,1192,1472
23458028711127,99988776,345600,115200,1728000,schedutil,306000000,306000000,1020000000,nvhost_podgov,0,3,70,47781,48625,48406,48031,47906,48906,5612,1192,1472
23458128709759,99998632,1113600,115200,1728000,schedutil,306000000,306000000,1020000000,nvhost_podgov,0,3,70,47875,48750,48343,48031,47812,48750,5612,1192,1472
23458228718279,100008520,729600,115200,1728000,schedutil,306000000,306000000,1020000000,nvhost_podgov,0,3,70,47656,48781,48437,47906,47875,48781,5732,1311,1472
23458328701551,99983272,422400,115200,1728000,schedutil,306000000,306000000,1020000000,nvhost_podgov,0,3,70,47593,48906,48375,48187,47843,48906,5692,1271,1472
23458428706296,100004745,1728000,115200,1728000,schedutil,306000000,306000000,1020000000,nvhost_podgov,0,3,70,47625,48843,48500,48062,47875,48843,5652,1232,1472
23458528706784,100000488,268800,115200,1728000,schedutil,306000000,306000000,1020000000,nvhost_podgov,0,3,70,47593,48781,48437,48093,47781,48781,5652,1232,1472
23458628708360,100001576,576000,115200,1728000,schedutil,306000000,306000000,1020000000,nvhost_podgov,0,3,70,47562,48625,48406,47968,47906,48625,5652,1232,1472
23458728723153,100014793,1728000,115200,1728000,schedutil,306000000,306000000,1020000000,nvhost_podgov,0,3,70,47625,48937,48406,47937,48000,48937,5612,1192,1472
23458828705561,99982408,345600,115200,1728000,schedutil,306000000,306000000,1020000000,nvhost_podgov,0,3,70,47781,48781,48437,47937,47906,48625,5612,1192,1472
23458928701921,99996360,1728000,115200,1728000,schedutil,306000000,306000000,1020000000,nvhost_podgov,0,3,70,47906,48593,48437,48031,47875,48593,5612,1232,1472
23459028716234,100014313,422400,115200,1728000,schedutil,306000000,306000000,1020000000,nvhost_podgov,0,3,70,47843,49062,48531,47968,47906,49062,5612,1232,1472
23459128712530,99996296,345600,115200,1728000,schedutil,306000000,306000000,1020000000,nvhost_podgov,0,3,70,47781,48656,48437,47875,47875,48656,5612,1192,1472
23459228727962,100015432,576000,115200,1728000,schedutil,306000000,306000000,1020000000,nvhost_podgov,0,3,70,47687,48687,48500,48000,47906,48687,5652,1232,1472
23459328714626,99986664,345600,115200,1728000,schedutil,306000000,306000000,1020000000,nvhost_podgov,0,3,70,47718,48718,48406,48156,47875,48718,5652,1232,1472
23459428714475,99999849,729600,115200,1728000,schedutil,306000000,306000000,1020000000,nvhost_podgov,0,3,70,47687,48718,48437,48031,47812,48718,5652,1232,1472
23459528699347,99984872,422400,115200,1728000,schedutil,306000000,306000000,1020000000,nvhost_podgov,0,3,70,47625,48656,48375,47968,47875,48656,5652,1232,1472
23459628713755,100014408,422400,115200,1728000,schedutil,306000000,306000000,1020000000,nvhost_podgov,0,3,70,47812,48656,48437,47968,47906,48750,5652,1232,1472
23459728704003,99990248,345600,115200,1728000,schedutil,306000000,306000000,1020000000,nvhost_podgov,0,3,70,47906,48625,48562,47968,47937,48625,5652,1232,1472
23459828702796,99998793,1728000,115200,1728000,schedutil,306000000,306000000,1020000000,nvhost_podgov,0,3,70,47656,48718,48531,47937,47906,48718,5652,1232,1472
23459928710772,100007976,268800,115200,1728000,schedutil,306000000,306000000,1020000000,nvhost_podgov,0,3,70,47812,48750,48437,48031,47812,48750,5612,1192,1472
23460028720605,100009833,268800,115200,1728000,schedutil,306000000,306000000,1020000000,nvhost_podgov,0,3,70,47656,48718,48437,47968,47812,48718,5612,1192,1472
23460128708613,99988008,345600,115200,1728000,schedutil,306000000,306000000,1020000000,nvhost_podgov,0,3,70,47593,48687,48437,48093,47781,48687,5612,1192,1472
23460228699341,99990728,1728000,115200,1728000,schedutil,306000000,306000000,1020000000,nvhost_podgov,0,3,70,47562,48781,48375,48031,47906,48781,5612,1192,1472
23460328712277,100012936,422400,115200,1728000,schedutil,306000000,306000000,1020000000,nvhost_podgov,0,3,70,47750,48718,48406,48062,47812,48718,5612,1192,1472
23460428714942,100002665,652800,115200,1728000,schedutil,306000000,306000000,1020000000,nvhost_podgov,0,3,70,47937,48718,48468,48031,47906,48937,5612,1192,1472
23460528700390,99985448,499200,115200,1728000,schedutil,306000000,306000000,1020000000,nvhost_podgov,0,3,70,47781,48812,48562,48000,47875,48812,5612,1192,1472
23460628698702,99998312,1728000,115200,1728000,schedutil,306000000,306000000,1020000000,nvhost_podgov,0,3,70,47718,48750,48562,48031,47875,48750,5612,1192,1472
23460728701367,100002665,576000,115200,1728000,schedutil,306000000,306000000,1020000000,nvhost_podgov,0,3,70,47812,48718,48500,48000,47843,48562,5612,1192,1472
23460828718655,100017288,499200,115200,1728000,schedutil,306000000,306000000,1020000000,nvhost_podgov,0,3,70,47750,48875,48500,47968,47937,48875,5612,1192,1472
23460928747624,100028969,1728000,115200,1728000,schedutil,306000000,306000000,1020000000,nvhost_podgov,0,3,70,47656,48781,48500,48093,47812,48781,5612,1192,1472
23461028744337,99996713,345600,115200,1728000,schedutil,306000000,306000000,1020000000,nvhost_podgov,0,3,70,47656,48625,48437,48093,47906,48625,5612,1192,1472
23461128724825,99980488,652800,115200,1728000,schedutil,306000000,306000000,1020000000,nvhost_podgov,0,3,70,47843,49031,48468,48093,47906,49031,5612,1192,1472
23461228717409,99992584,422400,115200,1728000,schedutil,306000000,306000000,1020000000,nvhost_podgov,0,3,70,48031,48906,48406,48031,47937,48906,5732,1311,1472
23461328710441,99993032,345600,115200,1728000,schedutil,306000000,306000000,1020000000,nvhost_podgov,0,3,70,47656,48562,48437,48062,47875,48562,5772,1311,1472
23461428719122,100008681,499200,115200,1728000,schedutil,306000000,306000000,1020000000,nvhost_podgov,0,3,70,47781,48656,48437,48000,47875,48656,5732,1271,1472
23461528824860,100105738,729600,115200,1728000,schedutil,306000000,306000000,1020000000,nvhost_podgov,0,3,70,47968,48656,48531,47968,47937,48656,5732,1271,1472
23461628713378,99888518,652800,115200,1728000,schedutil,306000000,306000000,1020000000,nvhost_podgov,0,3,70,47781,48593,48468,48250,47906,48593,5732,1311,1472
23461728720747,100007369,422400,115200,1728000,schedutil,306000000,306000000,1020000000,nvhost_podgov,0,3,70,47687,48687,48500,48156,47875,48812,5772,1311,1472
23461828709459,99988712,1728000,115200,1728000,schedutil,306000000,306000000,1020000000,nvhost_podgov,0,3,70,47750,48750,48500,48125,47875,48750,5732,1311,1472
23461928710843,100001384,1728000,115200,1728000,schedutil,306000000,306000000,1020000000,nvhost_podgov,0,3,70,47625,48687,48468,48062,47812,48687,5772,1311,1472
23462028705508,99994665,422400,115200,1728000,schedutil,306000000,306000000,1020000000,nvhost_podgov,0,3,70,47781,48656,48437,48062,47875,48656,5692,1271,1472
23462128701516,99996008,499200,115200,1728000,schedutil,306000000,306000000,1020000000,nvhost_podgov,0,3,70,47593,48750,48406,48031,47875,48750,5692,1271,1472
23462228699444,99997928,345600,115200,1728000,schedutil,306000000,306000000,1020000000,nvhost_podgov,0,3,70,47812,48781,48500,48031,47843,48781,5652,1232,1472
23462328720093,100020649,1728000,115200,1728000,schedutil,306000000,306000000,1020000000,nvhost_podgov,0,3,70,47968,48718,48531,48000,47906,48781,5652,1232,1472
23462428721350,100001257,345600,115200,1728000,schedutil,306000000,306000000,1020000000,nvhost_podgov,0,3,70,47593,48687,48406,48000,47875,48687,5652,1232,1472
23462528715342,99993992,1728000,115200,1728000,schedutil,306000000,306000000,1020000000,nvhost_podgov,0,3,70,47750,48687,48468,48062,47812,48687,5652,1232,1472
23462628716983,100001641,345600,115200,1728000,schedutil,306000000,306000000,1020000000,nvhost_podgov,0,3,70,47687,48843,48468,48093,47875,48843,5612,1192,1472
23462728710271,99993288,1728000,115200,1728000,schedutil,306000000,306000000,1020000000,nvhost_podgov,0,3,70,47656,48812,48468,48093,47906,48812,5652,1232,1472
23462828714439,100004168,1728000,115200,1728000,schedutil,306000000,306000000,1020000000,nvhost_podgov,0,3,70,47781,48750,48343,48031,47875,49000,5612,1232,1472
23462928716656,100002217,345600,115200,1728000,schedutil,306000000,306000000,1020000000,nvhost_podgov,0,3,70,47656,48875,48406,48125,47906,48875,5652,1232,1472
23463028708472,99991816,576000,115200,1728000,schedutil,306000000,306000000,1020000000,nvhost_podgov,0,3,70,47937,48875,48437,48062,47937,48875,5732,1311,1472
23463128705152,99996680,499200,115200,1728000,schedutil,306000000,306000000,1020000000,nvhost_podgov,0,3,70,47843,48687,48437,48062,47906,48687,5732,1311,1472
23463228721225,100016073,345600,115200,1728000,schedutil,306000000,306000000,1020000000,nvhost_podgov,0,3,70,47781,48968,48531,48031,47812,48968,5692,1271,1472
23463328700305,99979080,345600,115200,1728000,schedutil,306000000,306000000,1020000000,nvhost_podgov,0,3,70,47750,48843,48468,48000,47875,48843,5692,1271,1472
23463428714522,100014217,806400,115200,1728000,schedutil,306000000,306000000,1020000000,nvhost_podgov,0,3,70,47687,48687,48500,48125,47875,48687,5692,1271,1472
23463528700098,99985576,1728000,115200,1728000,schedutil,306000000,306000000,1020000000,nvhost_podgov,0,3,70,47781,49031,48437,48062,47875,49031,5692,1271,1472
23463628714123,100014025,499200,115200,1728000,schedutil,306000000,306000000,1020000000,nvhost_podgov,0,3,70,47718,48937,48500,48000,47843,48718,5652,1232,1472
23463728701715,99987592,806400,115200,1728000,schedutil,306000000,306000000,1020000000,nvhost_podgov,0,3,70,47781,48562,48406,47937,47937,48562,5692,1271,1472
23463828699836,99998121,1728000,115200,1728000,schedutil,306000000,306000000,1020000000,nvhost_podgov,0,3,70,47812,48625,48468,48031,48000,48718,5692,1271,1472
23463928700708,100000872,652800,115200,1728000,schedutil,306000000,306000000,1020000000,nvhost_podgov,0,3,70,47875,49000,48593,48000,47875,49000,5652,1232,1472
23464028720173,100019465,345600,115200,1728000,schedutil,306000000,306000000,1020000000,nvhost_podgov,0,3,70,47906,48656,48531,48000,47875,48656,5652,1271,1472
23464128719318,99999145,422400,115200,1728000,schedutil,306000000,306000000,1020000000,nvhost_podgov,0,3,70,47937,48625,48531,47937,47968,48625,5692,1271,1472
23464228716222,99996904,499200,115200,1728000,schedutil,306000000,306000000,1020000000,nvhost_podgov,0,3,70,47718,48718,48500,48156,47843,48718,5692,1271,1472
23464328699590,99983368,422400,115200,1728000,schedutil,306000000,306000000,1020000000,nvhost_podgov,0,3,70,47750,48687,48500,48125,47875,48687,5652,1271,1472
23464428713903,100014313,1728000,115200,1728000,schedutil,306000000,306000000,1020000000,nvhost_podgov,0,3,70,47687,48687,48531,48156,47906,48687,5652,1232,1472
23464528720120,100006217,268800,115200,1728000,schedutil,306000000,306000000,1020000000,nvhost_podgov,0,3,70,47687,48718,48500,48125,47843,48718,5652,1232,1472
23464628702592,99982472,268800,115200,1728000,schedutil,306000000,306000000,1020000000,nvhost_podgov,0,3,70,47812,48687,48468,48062,47906,48906,5652,1232,1472
23464728721385,100018793,1728000,115200,1728000,schedutil,306000000,306000000,1020000000,nvhost_podgov,0,3,70,47906,48750,48468,48062,47906,48781,5573,1192,1472
23464828718865,99997480,345600,115200,1728000,schedutil,306000000,306000000,1020000000,nvhost_podgov,0,3,70,47656,48781,48593,48031,47968,48781,5652,1192,1472
23464928720442,100001577,422400,115200,1728000,schedutil,306000000,306000000,1020000000,nvhost_podgov,0,3,70,47875,48718,48531,48125,47875,48718,5652,1192,1472
23465028712802,99992360,345600,115200,1728000,schedutil,306000000,306000000,1020000000,nvhost_podgov,0,3,70,47750,48875,48531,48218,47812,48875,5612,1192,1472
23465128706379,99993577,422400,115200,1728000,schedutil,306000000,306000000,1020000000,nvhost_podgov,0,3,70,47750,48781,48437,48156,47937,48781,5612,1192,1472
23465228713876,100007497,729600,115200,1728000,schedutil,306000000,306000000,1020000000,nvhost_podgov,0,3,70,47625,48656,48531,48093,47843,48656,5652,1232,1472
23465328723516,100009640,345600,115200,1728000,schedutil,306000000,306000000,1020000000,nvhost_podgov,0,3,70,47718,48937,48406,48125,47906,48937,5652,1232,1472
23465428720741,99997225,345600,115200,1728000,schedutil,306000000,306000000,1020000000,nvhost_podgov,0,3,70,47750,48843,48437,48031,47906,48843,5612,1192,1472
23465528716781,99996040,422400,115200,1728000,schedutil,306000000,306000000,1020000000,nvhost_podgov,0,3,70,47718,48781,48468,48031,47875,48625,5612,1192,1472
23465628721494,100004713,422400,115200,1728000,schedutil,306000000,306000000,1020000000,nvhost_podgov,0,3,70,47750,48937,48375,48093,48000,48937,5652,1232,1472
23465728714686,99993192,576000,115200,1728000,schedutil,306000000,306000000,1020000000,nvhost_podgov,0,3,70,47875,48875,48562,48031,47937,48875,5612,1192,1472
23465828721383,100006697,422400,115200,1728000,schedutil,306000000,306000000,1020000000,nvhost_podgov,0,3,70,47750,48812,48531,48031,47906,48656,5652,1232,1472
23465928698927,99977544,1728000,115200,1728000,schedutil,306000000,306000000,1020000000,nvhost_podgov,0,3,70,47750,48687,48531,48156,47875,48687,5692,1271,1472
23466028705560,100006633,1728000,115200,1728000,schedutil,306000000,306000000,1020000000,nvhost_podgov,0,3,70,47593,48968,48437,48093,47843,48968,5692,1271,1472
23466128707745,100002185,422400,115200,1728000,schedutil,306000000,306000000,1020000000,nvhost_podgov,0,3,70,47656,48750,48500,48093,47875,48750,5652,1232,1472
23466228735786,100028041,1036800,115200,1728000,schedutil,306000000,306000000,1020000000,nvhost_podgov,0,3,70,47812,48625,48531,48031,47937,48625,5612,1192,1472
23466328706834,99971048,345600,115200,1728000,schedutil,306000000,306000000,1020000000,nvhost_podgov,0,3,70,47656,48937,48437,48093,47937,48937,5732,1271,1472
23466428714747,100007913,345600,115200,1728000,schedutil,306000000,306000000,1020000000,nvhost_podgov,0,3,70,47937,48656,48406,48062,48000,48656,5692,1271,1472
23466528703395,99988648,576000,115200,1728000,schedutil,306000000,306000000,1020000000,nvhost_podgov,0,3,70,47906,48593,48656,48000,47812,48656,5692,1271,1472
23466628701004,99997609,422400,115200,1728000,schedutil,306000000,306000000,1020000000,nvhost_podgov,0,3,70,47718,48656,48531,48031,47875,48781,5652,1232,1472
23466728714996,100013992,576000,115200,1728000,schedutil,306000000,306000000,1020000000,nvhost_podgov,0,3,70,47875,48750,48531,48031,47875,48750,5612,1192,1472
23466828724477,100009481,1728000,115200,1728000,schedutil,306000000,306000000,1020000000,nvhost_podgov,0,3,70,47781,48718,48500,48093,47906,48875,5612,1192,1472
23466928708006,99983529,1728000,115200,1728000,schedutil,306000000,306000000,1020000000,nvhost_podgov,0,3,70,47718,48781,48468,48125,47937,48781,5652,1232,1472
23467028716686,100008680,1728000,115200,1728000,schedutil,306000000,306000000,1020000000,nvhost_podgov,0,3,70,47562,48781,48437,48093,47875,48781,5692,1271,1472
23467128715351,99998665,268800,115200,1728000,schedutil,306000000,306000000,1020000000,nvhost_podgov,0,3,70,47656,48718,48468,48125,48000,48812,5652,1232,1472
23467228722688,100007337,422400,115200,1728000,schedutil,306000000,306000000,1020000000,nvhost_podgov,0,3,70,47906,48812,48437,48093,47937,48812,5652,1232,1472
23467328698408,99975720,422400,115200,1728000,schedutil,306000000,306000000,1020000000,nvhost_podgov,0,3,70,47906,48781,48531,48000,47937,48781,5612,1192,1472
23467428700433,100002025,422400,115200,1728000,schedutil,306000000,306000000,1020000000,nvhost_podgov,0,3,70,47781,48625,48593,48031,47875,48812,5652,1232,1472
23467528728986,100028553,1728000,115200,1728000,schedutil,306000000,306000000,1020000000,nvhost_podgov,0,3,70,47906,48843,48531,48187,47906,48843,5652,1232,1472
23467628709858,99980872,268800,115200,1728000,schedutil,306000000,306000000,1020000000,nvhost_podgov,0,3,70,47625,48718,48500,48187,47843,48718,5612,1192,1472
23467728890543,100180685,345600,115200,1728000,schedutil,306000000,306000000,1020000000,nvhost_podgov,0,3,70,47781,48968,48468,48093,47968,48968,5612,1192,1472
23467828711828,99821285,422400,115200,1728000,schedutil,306000000,306000000,1020000000,nvhost_podgov,0,3,70,47718,48875,48468,48062,47906,48875,5612,1192,1472
23467928704444,99992616,806400,115200,1728000,schedutil,306000000,306000000,1020000000,nvhost_podgov,0,3,70,47781,48781,48468,48093,48031,48781,5652,1232,1472
23468028713093,100008649,1728000,115200,1728000,schedutil,306000000,306000000,1020000000,nvhost_podgov,0,3,70,47968,49062,48437,48062,47937,49062,5772,1311,1472
23468128729678,100016585,422400,115200,1728000,schedutil,306000000,306000000,1020000000,nvhost_podgov,0,3,70,47906,49000,48468,48062,47906,49000,5732,1311,1472
23468228700502,99970824,422400,115200,1728000,schedutil,306000000,306000000,1020000000,nvhost_podgov,0,3,70,47937,48843,48500,47968,47843,48781,5692,1271,1472
23468328696863,99996361,268800,115200,1728000,schedutil,306000000,306000000,1020000000,nvhost_podgov,0,3,70,47812,48656,48468,48031,48031,48656,5692,1271,1472
23468428717544,100020681,422400,115200,1728000,schedutil,306000000,306000000,1020000000,nvhost_podgov,0,3,70,47625,49000,48531,48156,47906,48687,5652,1232,1472
23468528717713,100000169,1728000,115200,1728000,schedutil,306000000,306000000,1020000000,nvhost_podgov,0,3,70,47687,48656,48531,48250,47875,48656,5652,1232,1472
23468628716569,99998856,499200,115200,1728000,schedutil,306000000,306000000,1020000000,nvhost_podgov,0,3,70,47625,48687,48531,48093,47906,48687,5612,1192,1472
23468728914918,100198349,499200,115200,1728000,schedutil,306000000,306000000,1020000000,nvhost_podgov,0,3,70,47718,49000,48468,48093,47906,48718,5612,1232,1472
23468828817709,99902791,499200,115200,1728000,schedutil,306000000,306000000,1020000000,nvhost_podgov,0,3,70,47906,48718,48468,48031,48031,48718,5652,1232,1472
23468928712787,99895078,729600,115200,1728000,schedutil,306000000,306000000,1020000000,nvhost_podgov,0,3,70,47750,48656,48437,48031,47937,48656,5692,1271,1472
23469028722204,100009417,1728000,115200,1728000,schedutil,306000000,306000000,1020000000,nvhost_podgov,0,3,70,47906,48687,48375,48062,48000,48781,5732,1271,1472
23469128715461,99993257,729600,115200,1728000,schedutil,306000000,306000000,1020000000,nvhost_podgov,0,3,70,47906,48718,48468,47937,47937,48718,5732,1271,1472
23469228703821,99988360,422400,115200,1728000,schedutil,306000000,306000000,1020000000,nvhost_podgov,0,3,70,47718,48718,48468,48031,48000,48718,5732,1271,1472
23469328725879,100022058,345600,115200,1728000,schedutil,306000000,306000000,1020000000,nvhost_podgov,0,3,70,47812,48781,48500,48156,47875,48781,5692,1271,1472
23469428715679,99989800,1036800,115200,1728000,schedutil,306000000,306000000,1020000000,nvhost_podgov,0,3,70,47750,48687,48500,48125,47875,48687,5692,1232,1472
23469528722408,100006729,1728000,115200,1728000,schedutil,306000000,306000000,1020000000,nvhost_podgov,0,3,70,47750,48718,48468,48093,47875,48718,5692,1271,1472
23469628697424,99975016,422400,115200,1728000,schedutil,306000000,306000000,1020000000,nvhost_podgov,0,3,70,47875,48843,48531,48031,48031,48843,5652,1232,1472
23469728715161,100017737,499200,115200,1728000,schedutil,306000000,306000000,1020000000,nvhost_podgov,0,3,70,47593,48718,48468,48062,48031,48718,5652,1232,1472
23469828727042,100011881,345600,115200,1728000,schedutil,306000000,306000000,1020000000,nvhost_podgov,0,3,70,47843,49031,48375,48093,48031,49031,5652,1232,1472
23469928732427,100005385,729600,115200,1728000,schedutil,306000000,306000000,1020000000,nvhost_podgov,0,3,70,48062,48937,48562,48062,47906,48937,5612,1192,1472
23470028889432,100157005,499200,115200,1728000,schedutil,306000000,306000000,1020000000,nvhost_podgov,0,3,70,47781,48812,48500,48031,47968,48812,5692,1232,1472
23470128705500,99816068,422400,115200,1728000,schedutil,306000000,306000000,1020000000,nvhost_podgov,0,3,70,47968,48750,48562,48125,47875,49093,5652,1232,1472
23470228701093,99995593,576000,115200,1728000,schedutil,306000000,306000000,1020000000,nvhost_podgov,0,3,70,47656,48875,48468,48156,47937,48875,5692,1232,1472
23470328697998,99996905,422400,115200,1728000,schedutil,306000000,306000000,1020000000,nvhost_podgov,0,3,70,47656,48875,48468,48125,47937,48875,5652,1232,1472
23470428710039,100012041,499200,115200,1728000,schedutil,306000000,306000000,1020000000,nvhost_podgov,0,3,70,47718,48781,48500,48062,47937,48781,5652,1232,1472
23470528724096,100014057,499200,115200,1728000,schedutil,306000000,306000000,1020000000,nvhost_podgov,0,3,70,47687,48968,48437,48062,47906,48968,5652,1232,1472
23470628710024,99985928,345600,115200,1728000,schedutil,306000000,306000000,1020000000,nvhost_podgov,0,3,70,47781,48812,48406,48000,48000,48687,5652,1232,1472
23470728725906,100015882,1728000,115200,1728000,schedutil,306000000,306000000,1020000000,nvhost_podgov,0,3,70,47875,48687,48562,47968,47937,48687,5652,1192,1472
23470828718234,99992328,345600,115200,1728000,schedutil,306000000,306000000,1020000000,nvhost_podgov,0,3,70,47750,48968,48531,48031,47937,48968,5612,1192,1472
23470928709315,99991081,345600,115200,1728000,schedutil,306000000,306000000,1020000000,nvhost_podgov,0,3,70,47906,48906,48468,48187,47906,48656,5612,1192,1472
23471028705195,99995880,576000,115200,1728000,schedutil,306000000,306000000,1020000000,nvhost_podgov,0,3,70,47812,48687,48531,48156,47875,48687,5692,1232,1472
23471128707604,100002409,422400,115200,1728000,schedutil,306000000,306000000,1020000000,nvhost_podgov,0,3,70,47906,48750,48531,48031,47812,48750,5652,1232,1472
23471228711549,100003945,729600,115200,1728000,schedutil,306000000,306000000,1020000000,nvhost_podgov,0,3,70,47656,48718,48406,48125,47937,48718,5652,1232,1472
23471328709094,99997545,345600,115200,1728000,schedutil,306000000,306000000,1020000000,nvhost_podgov,0,3,70,47812,48781,48406,48156,48062,48781,5652,1232,1472
23471428723343,100014249,345600,115200,1728000,schedutil,306000000,306000000,1020000000,nvhost_podgov,0,3,70,47968,48593,48437,48125,48031,48781,5732,1271,1472
23471528728888,100005545,1728000,115200,1728000,schedutil,306000000,306000000,1020000000,nvhost_podgov,0,3,70,47875,48781,48656,48031,48000,48781,5692,1232,1472
23471628722465,99993577,422400,115200,1728000,schedutil,306000000,306000000,1020000000,nvhost_podgov,0,3,70,47781,48750,48531,48125,47968,48750,5692,1232,1472
23471728709802,99987337,1728000,115200,1728000,schedutil,306000000,306000000,1020000000,nvhost_podgov,0,3,70,47906,48687,48562,48187,47968,48781,5652,1232,1472
23471828731443,100021641,422400,115200,1728000,schedutil,306000000,306000000,1020000000,nvhost_podgov,0,3,70,47656,48812,48500,48218,47937,48812,5652,1232,1472
23471928722875,99991432,1728000,115200,1728000,schedutil,306000000,306000000,1020000000,nvhost_podgov,0,3,70,47781,48687,48500,48093,47812,48687,5652,1192,1472
23472028738149,100015274,1728000,115200,1728000,schedutil,306000000,306000000,1020000000,nvhost_podgov,0,3,70,47750,48843,48468,48156,47937,48843,5652,1192,1472
23472128713709,99975560,576000,115200,1728000,schedutil,306000000,306000000,1020000000,nvhost_podgov,0,3,70,47718,48812,48468,48093,47968,48812,5652,1232,1472
23472228727126,100013417,345600,115200,1728000,schedutil,306000000,306000000,1020000000,nvhost_podgov,0,3,70,47906,48718,48437,48093,48000,49062,5652,1232,1472
23472328705727,99978601,268800,115200,1728000,schedutil,306000000,306000000,1020000000,nvhost_podgov,0,3,70,47562,48906,48437,48062,47968,48906,5612,1192,1472
23472428717512,100011785,499200,115200,1728000,schedutil,306000000,306000000,1020000000,nvhost_podgov,0,3,70,47875,48812,48562,48000,47937,48812,5612,1192,1472
23472528701488,99983976,422400,115200,1728000,schedutil,306000000,306000000,1020000000,nvhost_podgov,0,3,70,47968,48750,48531,48156,47937,48750,5612,1192,1472
23472628719610,100018122,422400,115200,1728000,schedutil,306000000,306000000,1020000000,nvhost_podgov,0,3,70,47750,48968,48531,48218,47875,48968,5573,1192,1472
23472728697218,99977608,345600,115200,1728000,schedutil,306000000,306000000,1020000000,nvhost_podgov,0,3,70,47781,48906,48500,48218,47937,48906,5573,1192,1472
23472828771373,100074155,192000,115200,1728000,schedutil,306000000,306000000,1020000000,nvhost_podgov,0,3,70,47562,48656,48468,48156,47875,48656,5573,1192,1472
23472928699572,99928199,499200,115200,1728000,schedutil,306000000,306000000,1020000000,nvhost_podgov,0,3,70,47750,49062,48406,48093,47875,49062,5533,1152,1472
23473028717085,100017513,1344000,115200,1728000,schedutil,306000000,306000000,1020000000,nvhost_podgov,0,3,70,48125,48843,48468,48125,48031,48843,5573,1152,1472
23473128721670,100004585,652800,115200,1728000,schedutil,306000000,306000000,1020000000,nvhost_podgov,0,3,70,47781,48718,48406,48000,48031,48718,5732,1271,1472
23473228705935,99984265,1728000,115200,1728000,schedutil,306000000,306000000,1020000000,nvhost_podgov,0,3,70,47843,49000,48593,48031,47937,49000,5732,1271,1472
23473328697687,99991752,345600,115200,1728000,schedutil,306000000,306000000,1020000000,nvhost_podgov,0,3,70,47937,48937,48531,48093,47968,48687,5692,1271,1472
23473428705633,100007946,422400,115200,1728000,schedutil,306000000,306000000,1020000000,nvhost_podgov,0,3,70,47781,48718,48531,48062,47968,48718,5652,1232,1472
23473528721418,100015785,422400,115200,1728000,schedutil,306000000,306000000,1020000000,nvhost_podgov,0,3,70,47812,48687,48531,48062,48031,48781,5652,1232,1472
23473628714483,99993065,268800,115200,1728000,schedutil,306000000,306000000,1020000000,nvhost_podgov,0,3,70,47593,48718,48437,48156,47906,48718,5652,1232,1472
23473728711164,99996681,576000,115200,1728000,schedutil,306000000,306000000,1020000000,nvhost_podgov,0,3,70,47687,48718,48468,48187,47843,48718,5652,1192,1472
23473828725925,100014761,1728000,115200,1728000,schedutil,306000000,306000000,1020000000,nvhost_podgov,0,3,70,47593,48625,48531,48093,48000,48625,5612,1192,1472
23473928700429,99974504,345600,115200,1728000,schedutil,306000000,306000000,1020000000,nvhost_podgov,0,3,70,47718,48718,48531,48062,47968,48718,5612,1192,1472
23474029225634,100525205,1728000,115200,1728000,schedutil,306000000,306000000,1020000000,nvhost_podgov,0,3,70,48031,48781,48625,48062,47968,48781,5652,1232,1472
23474128717311,99491677,345600,115200,1728000,schedutil,306000000,306000000,1020000000,nvhost_podgov,0,3,70,48031,48718,48593,48062,47968,48875,5732,1271,1472
23474228705768,99988457,1728000,115200,1728000,schedutil,306000000,306000000,1020000000,nvhost_podgov,0,3,70,47687,48781,48531,48093,47875,48781,5652,1232,1472
23474328703249,99997481,268800,115200,1728000,schedutil,306000000,306000000,1020000000,nvhost_podgov,0,3,70,47781,48781,48468,48218,47968,48781,5652,1232,1472
23474428715098,100011849,268800,115200,1728000,schedutil,306000000,306000000,1020000000,nvhost_podgov,0,3,70,47625,48875,48531,48125,47875,48875,5652,1232,1472
23474528732548,100017450,422400,115200,1728000,schedutil,306000000,306000000,1020000000,nvhost_podgov,0,3,70,47718,48843,48500,48093,47812,48843,5612,1192,1472
23474628720812,99988264,422400,115200,1728000,schedutil,306000000,306000000,1020000000,nvhost_podgov,0,3,70,47718,48781,48500,48031,47875,49093,5652,1192,1472
23474728707733,99986921,422400,115200,1728000,schedutil,306000000,306000000,1020000000,nvhost_podgov,0,3,70,47718,48875,48468,48093,48031,48875,5652,1192,1472
23474828714302,100006569,1728000,115200,1728000,schedutil,306000000,306000000,1020000000,nvhost_podgov,0,3,70,47875,48843,48468,48093,47968,48843,5612,1192,1472
23474928978061,100263759,1728000,115200,1728000,schedutil,306000000,306000000,1020000000,nvhost_podgov,0,3,70,47937,48843,48593,48093,47937,48718,5612,1192,1472
23475028701520,99723459,576000,115200,1728000,schedutil,306000000,306000000,1020000000,nvhost_podgov,0,3,70,47843,49000,48562,48000,48031,49000,5612,1192,1472
23475128727385,100025865,1728000,115200,1728000,schedutil,306000000,306000000,1020000000,nvhost_podgov,0,3,70,47906,48843,48531,48125,47906,48843,5612,1192,1472
23475228712386,99985001,422400,115200,1728000,schedutil,306000000,306000000,1020000000,nvhost_podgov,0,3,70,47718,48812,48531,48156,47937,48781,5692,1232,1472
23475328715979,100003593,345600,115200,1728000,schedutil,306000000,306000000,1020000000,nvhost_podgov,0,3,70,47718,49031,48468,48125,47906,49031,5652,1232,1472
23475428699060,99983081,576000,115200,1728000,schedutil,306000000,306000000,1020000000,nvhost_podgov,0,3,70,47687,48906,48468,48093,47875,48906,5652,1232,1472
23475528717053,100017993,499200,115200,1728000,schedutil,306000000,306000000,1020000000,nvhost_podgov,0,3,70,47718,48687,48500,48031,47968,48687,5652,1232,1472
23475628713510,99996457,422400,115200,1728000,schedutil,306000000,306000000,1020000000,nvhost_podgov,0,3,70,48000,48687,48437,48093,47968,48687,5652,1232,1472
23475728700143,99986633,268800,115200,1728000,schedutil,306000000,306000000,1020000000,nvhost_podgov,0,3,70,47875,49000,48468,48062,47968,48718,5652,1232,1472
23475828716728,100016585,345600,115200,1728000,schedutil,306000000,306000000,1020000000,nvhost_podgov,0,3,70,47718,48687,48500,48062,47875,48687,5612,1192,1472
23475928717025,100000297,422400,115200,1728000,schedutil,306000000,306000000,1020000000,nvhost_podgov,0,3,70,47812,48750,48500,48031,48000,48750,5612,1192,1472
23476028699626,99982601,652800,115200,1728000,schedutil,306000000,306000000,1020000000,nvhost_podgov,0,3,70,47843,49125,48531,48218,47906,48750,5612,1192,1472
23476128708147,100008521,652800,115200,1728000,schedutil,306000000,306000000,1020000000,nvhost_podgov,0,3,70,47656,48656,48343,48093,47875,48656,5652,1232,1472
23476228703484,99995337,499200,115200,1728000,schedutil,306000000,306000000,1020000000,nvhost_podgov,0,3,70,47687,48718,48406,48093,47937,48718,5692,1232,1472
23476328714438,100010954,729600,115200,1728000,schedutil,306000000,306000000,1020000000,nvhost_podgov,0,3,70,47843,48843,48437,48125,47937,48843,5652,1232,1472
23476428715055,100000617,1728000,115200,1728000,schedutil,306000000,306000000,1020000000,nvhost_podgov,0,3,70,47937,48781,48468,48062,47937,48781,5652,1232,1472
23476528734360,100019305,345600,115200,1728000,schedutil,306000000,306000000,1020000000,nvhost_podgov,0,3,70,47687,48781,48406,48125,47937,48843,5772,1311,1472
23476628940870,100206510,422400,115200,1728000,schedutil,306000000,306000000,1020000000,nvhost_podgov,0,3,70,47875,48812,48562,48156,47906,48812,5732,1271,1472
23476728725258,99784388,422400,115200,1728000,schedutil,306000000,306000000,1020000000,nvhost_podgov,0,3,70,47906,48750,48531,48093,47937,48750,5732,1271,1472
23476828700595,99975337,652800,115200,1728000,schedutil,306000000,306000000,1020000000,nvhost_podgov,0,3,70,47781,48750,48531,48187,47875,48906,5692,1271,1472
23476928701596,100001001,422400,115200,1728000,schedutil,306000000,306000000,1020000000,nvhost_podgov,0,3,70,47750,48812,48406,48218,47968,48812,5692,1232,1472
23477028712261,100010665,1728000,115200,1728000,schedutil,306000000,306000000,1020000000,nvhost_podgov,0,3,70,47781,48750,48437,48156,47906,48750,5692,1232,1472
23477128708590,99996329,806400,115200,1728000,schedutil,306000000,306000000,1020000000,nvhost_podgov,0,3,70,48062,48718,48406,48125,48000,49000,5732,1271,1472
23477228733528,100024938,345600,115200,1728000,schedutil,306000000,306000000,1020000000,nvhost_podgov,0,3,70,47906,48812,48437,48062,48000,48812,5732,1271,1472
23477328718752,99985224,345600,115200,1728000,schedutil,306000000,306000000,1020000000,nvhost_podgov,0,3,70,47656,48781,48468,48062,48000,48718,5692,1271,1472
23477428716298,99997546,345600,115200,1728000,schedutil,306000000,306000000,1020000000,nvhost_podgov,0,3,70,47812,49000,48625,48031,48000,49000,5652,1232,1472
23477528724723,100008425,345600,115200,1728000,schedutil,306000000,306000000,1020000000,nvhost_podgov,0,3,70,48031,48937,48531,48031,48000,48937,5652,1232,1472
23477628704348,99979625,1728000,115200,1728000,schedutil,306000000,306000000,1020000000,nvhost_podgov,0,3,70,47843,48875,48562,48187,47906,48875,5652,1232,1472
23477728716805,100012457,1728000,115200,1728000,schedutil,306000000,306000000,1020000000,nvhost_podgov,0,3,70,47843,49093,48531,48250,47875,49093,5652,1232,1472
23477828697742,99980937,576000,115200,1728000,schedutil,306000000,306000000,1020000000,nvhost_podgov,0,3,70,47656,48968,48468,48156,47875,48968,5612,1192,1472
23477928723703,100025961,268800,115200,1728000,schedutil,306000000,306000000,1020000000,nvhost_podgov,0,3,70,47718,48843,48500,48125,48000,48718,5612,1192,1472
23478028772353,100048650,1728000,115200,1728000,schedutil,306000000,306000000,1020000000,nvhost_podgov,0,3,70,47750,48687,48531,48156,47906,48687,5612,1192,1472
23478128761034,99988681,576000,115200,1728000,schedutil,306000000,306000000,1020000000,nvhost_podgov,0,3,70,47656,49000,48437,48093,48000,49000,5732,1271,1472
23478228715987,99954953,576000,115200,1728000,schedutil,306000000,306000000,1020000000,nvhost_podgov,0,3,70,47843,48718,48625,48062,47968,48718,5692,1271,1472
23478328714428,99998441,345600,115200,1728000,schedutil,306000000,306000000,1020000000,nvhost_podgov,0,3,70,47875,48687,48625,48093,48062,48687,5732,1271,1472
23478428717445,100003017,806400,115200,1728000,schedutil,306000000,306000000,1020000000,nvhost_podgov,0,3,70,47843,48750,48468,48218,47937,48750,5692,1232,1472
23478528703918,99986473,345600,115200,1728000,schedutil,306000000,306000000,1020000000,nvhost_podgov,0,3,70,47843,48687,48531,48250,47906,48687,5652,1232,1472
23478628700439,99996521,268800,115200,1728000,schedutil,306000000,306000000,1020000000,nvhost_podgov,0,3,70,47656,48781,48531,48218,48000,48781,5612,1192,1472
23478728713472,100013033,422400,115200,1728000,schedutil,306000000,306000000,1020000000,nvhost_podgov,0,3,70,47843,48781,48531,48218,47937,48781,5612,1192,1472
23478828705481,99992009,345600,115200,1728000,schedutil,306000000,306000000,1020000000,nvhost_podgov,0,3,70,47625,48812,48531,48156,47875,48812,5652,1232,1472
23478928716531,100011050,345600,115200,1728000,schedutil,306000000,306000000,1020000000,nvhost_podgov,0,3,70,47750,48750,48468,48062,48031,48843,5612,1192,1472
23479028721532,100005001,729600,115200,1728000,schedutil,306000000,306000000,1020000000,nvhost_podgov,0,3,70,48156,48781,48531,48093,48000,48781,5612,1192,1472
23479128740134,100018602,422400,115200,1728000,schedutil,306000000,306000000,1020000000,nvhost_podgov,0,3,70,47906,48843,48562,48031,48000,48843,5692,1271,1472
23479228728590,99988456,576000,115200,1728000,schedutil,306000000,306000000,1020000000,nvhost_podgov,0,3,70,47937,48718,48531,48093,47968,48968,5692,1232,1472
23479328719223,99990633,576000,115200,1728000,schedutil,306000000,306000000,1020000000,nvhost_podgov,0,3,70,47781,48812,48531,48093,47968,48812,5692,1271,1472
23479428709760,99990537,345600,115200,1728000,schedutil,306000000,306000000,1020000000,nvhost_podgov,0,3,70,47656,48812,48500,48218,47968,48812,5692,1271,1472
23479528716938,100007178,345600,115200,1728000,schedutil,306000000,306000000,1020000000,nvhost_podgov,0,3,70,47718,48781,48500,48156,47937,49000,5652,1232,1472
23479628724627,100007689,345600,115200,1728000,schedutil,306000000,306000000,1020000000,nvhost_podgov,0,3,70,47625,48937,48500,48156,47906,48937,5652,1232,1472
23479728718460,99993833,422400,115200,1728000,schedutil,306000000,306000000,1020000000,nvhost_podgov,0,3,70,48000,48875,48437,48125,47968,48875,5652,1232,1472
23479828719973,100001513,806400,115200,1728000,schedutil,306000000,306000000,1020000000,nvhost_podgov,0,3,70,47968,49093,48468,48093,48031,49093,5652,1232,1472
23479928710318,99990345,422400,115200,1728000,schedutil,306000000,306000000,1020000000,nvhost_podgov,0,3,70,47875,49000,48468,48156,47937,49000,5652,1232,1472
23480028713368,100003050,345600,115200,1728000,schedutil,306000000,306000000,1020000000,nvhost_podgov,0,3,70,48000,48843,48500,48125,48000,48718,5612,1192,1472
23480128708449,99995081,729600,115200,1728000,schedutil,306000000,306000000,1020000000,nvhost_podgov,0,3,70,47843,48750,48500,48031,47937,48750,5612,1192,1472
23480228716938,100008489,576000,115200,1728000,schedutil,306000000,306000000,1020000000,nvhost_podgov,0,3,70,47718,49031,48531,48218,47937,49031,5652,1232,1472
23480328720180,100003242,345600,115200,1728000,schedutil,306000000,306000000,1020000000,nvhost_podgov,0,3,70,47656,48750,48500,48187,47937,48750,5652,1232,1472
23480428708317,99988137,499200,115200,1728000,schedutil,306000000,306000000,1020000000,nvhost_podgov,0,3,70,47812,48750,48500,48187,47937,48750,5652,1232,1472
23480528716582,100008265,268800,115200,1728000,schedutil,306000000,306000000,1020000000,nvhost_podgov,0,3,70,48031,49062,48500,48093,47875,49062,5652,1232,1472
23480628701519,99984937,1728000,115200,1728000,schedutil,306000000,306000000,1020000000,nvhost_podgov,0,3,70,47781,49000,48468,48031,48031,48750,5652,1232,1472
23480728714968,100013449,422400,115200,1728000,schedutil,306000000,306000000,1020000000,nvhost_podgov,0,3,70,47781,48718,48500,48062,48031,48718,5612,1192,1472
23480828701729,99986761,1728000,115200,1728000,schedutil,306000000,306000000,1020000000,nvhost_podgov,0,3,70,47843,48750,48531,48062,47937,48875,5612,1192,1472
23480928725707,100023978,268800,115200,1728000,schedutil,306000000,306000000,1020000000,nvhost_podgov,0,3,70,47875,48750,48593,48125,48031,48968,5612,1192,1472
23481028717780,99992073,345600,115200,1728000,schedutil,306000000,306000000,1020000000,nvhost_podgov,0,3,70,47718,48781,48562,48218,47937,48781,5612,1192,1472
23481128717022,99999242,729600,115200,1728000,schedutil,306000000,306000000,1020000000,nvhost_podgov,0,3,70,47656,48781,48500,48218,47937,48843,5612,1192,1472
23481228702182,99985160,499200,115200,1728000,schedutil,306000000,306000000,1020000000,nvhost_podgov,0,3,70,47750,48812,48531,48218,47968,48812,5612,1192,1472
23481328723920,100021738,345600,115200,1728000,schedutil,306000000,306000000,1020000000,nvhost_podgov,0,3,70,47750,48781,48500,48156,47875,48781,5612,1232,1472
23481428715737,99991817,1728000,115200,1728000,schedutil,306000000,306000000,1020000000,nvhost_podgov,0,3,70,48000,48625,48500,48093,48031,48937,5652,1271,1472
23481528718083,100002346,652800,115200,1728000,schedutil,306000000,306000000,1020000000,nvhost_podgov,0,3,70,47843,48750,48406,48062,48031,48750,5732,1311,1472
23481628719884,100001801,345600,115200,1728000,schedutil,306000000,306000000,1020000000,nvhost_podgov,0,3,70,47812,48781,48593,48031,47968,49031,5732,1311,1472
23481728707637,99987753,268800,115200,1728000,schedutil,306000000,306000000,1020000000,nvhost_podgov,0,3,70,47812,48875,48531,48187,48031,48875,5692,1232,1472
23481828719999,100012362,345600,115200,1728000,schedutil,306000000,306000000,1020000000,nvhost_podgov,0,3,70,47781,48812,48593,48312,47968,48812,5652,1232,1472
23481928714984,99994985,345600,115200,1728000,schedutil,306000000,306000000,1020000000,nvhost_podgov,0,3,70,47718,48843,48531,48250,48000,49062,5692,1232,1472
23482028698545,99983561,422400,115200,1728000,schedutil,306000000,306000000,1020000000,nvhost_podgov,0,3,70,47781,48937,48531,48125,47968,48937,5692,1232,1472
23482128709146,100010601,652800,115200,1728000,schedutil,306000000,306000000,1020000000,nvhost_podgov,0,3,70,47687,48781,48437,48187,47968,48781,5692,1232,1472
23482228701379,99992233,652800,115200,1728000,schedutil,306000000,306000000,1020000000,nvhost_podgov,0,3,70,47781,48843,48406,48093,48000,48687,5692,1232,1472
23482328716653,100015274,652800,115200,1728000,schedutil,306000000,306000000,1020000000,nvhost_podgov,0,3,70,47968,49031,48468,48062,47937,49031,5692,1232,1472
23482428719511,100002858,345600,115200,1728000,schedutil,306000000,306000000,1020000000,nvhost_podgov,0,3,70,47968,48812,48500,48062,48000,48750,5692,1232,1472
23482528719744,100000233,345600,115200,1728000,schedutil,306000000,306000000,1020000000,nvhost_podgov,0,3,70,47781,48687,48562,48093,47937,48687,5652,1232,1472
23482628720233,100000489,345600,115200,1728000,schedutil,306000000,306000000,1020000000,nvhost_podgov,0,3,70,47781,49031,48625,48093,48031,49031,5652,1232,1472
23482728721075,100000842,422400,115200,1728000,schedutil,306000000,306000000,1020000000,nvhost_podgov,0,3,70,47843,48906,48531,48343,47968,48781,5652,1232,1472
23482828719548,99998473,576000,115200,1728000,schedutil,306000000,306000000,1020000000,nvhost_podgov,0,3,70,47875,48812,48531,48156,47843,48812,5652,1232,1472
23482928705221,99985673,345600,115200,1728000,schedutil,306000000,306000000,1020000000,nvhost_podgov,0,3,70,47687,48718,48531,48062,47906,48718,5652,1232,1472
23483028707726,100002505,729600,115200,1728000,schedutil,306000000,306000000,1020000000,nvhost_podgov,0,3,70,47843,49000,48437,48093,48000,48781,5772,1311,1472
23483128716120,100008394,806400,115200,1728000,schedutil,306000000,306000000,1020000000,nvhost_podgov,0,3,70,47843,48750,48531,48156,48062,48750,5772,1311,1472
23483228724865,100008745,422400,115200,1728000,schedutil,306000000,306000000,1020000000,nvhost_podgov,0,3,70,48031,48750,48468,48093,48000,48781,5732,1311,1472
23483328719915,99995050,422400,115200,1728000,schedutil,306000000,306000000,1020000000,nvhost_podgov,0,3,70,47718,48781,48593,48093,48031,48781,5732,1271,1472
23483428714580,99994665,499200,115200,1728000,schedutil,306000000,306000000,1020000000,nvhost_podgov,0,3,70,47812,48781,48531,48031,48000,48781,5692,1271,1472
23483528721021,100006441,499200,115200,1728000,schedutil,306000000,306000000,1020000000,nvhost_podgov,0,3,70,47781,48718,48531,48093,48031,48875,5732,1271,1472
23483628919915,100198894,422400,115200,1728000,schedutil,306000000,306000000,1020000000,nvhost_podgov,0,3,70,47937,48843,48531,48218,47906,48843,5692,1271,1472
23483728700848,99780933,268800,115200,1728000,schedutil,306000000,306000000,1020000000,nvhost_podgov,0,3,70,47843,48718,48500,48093,47906,48718,5652,1232,1472
23483828719578,100018730,345600,115200,1728000,schedutil,306000000,306000000,1020000000,nvhost_podgov,0,3,70,47781,48718,48531,48187,47906,48875,5652,1232,1472
23483928721667,100002089,268800,115200,1728000,schedutil,306000000,306000000,1020000000,nvhost_podgov,0,3,70,47937,48875,48468,48125,47937,48875,5652,1232,1472
23484028706380,99984713,1728000,115200,1728000,schedutil,306000000,306000000,1020000000,nvhost_podgov,0,3,70,47812,48843,48500,48156,48031,48843,5612,1192,1472
23484128715030,100008650,499200,115200,1728000,schedutil,306000000,306000000,1020000000,nvhost_podgov,0,3,70,47843,48843,48593,48156,48031,48843,5652,1232,1472
23484228720895,100005865,345600,115200,1728000,schedutil,306000000,306000000,1020000000,nvhost_podgov,0,3,70,47906,48875,48625,48125,47968,48875,5652,1232,1472
23484328724841,100003946,345600,115200,1728000,schedutil,306000000,306000000,1020000000,nvhost_podgov,0,3,70,47781,48843,48562,48125,48031,48843,5652,1192,1472
23484428714770,99989929,499200,115200,1728000,schedutil,306000000,306000000,1020000000,nvhost_podgov,0,3,70,47906,49000,48562,48250,47875,49000,5652,1192,1472
23484528705979,99991209,422400,115200,1728000,schedutil,306000000,306000000,1020000000,nvhost_podgov,0,3,70,47781,48843,48437,48187,48000,48843,5692,1271,1472
23484628713477,100007498,345600,115200,1728000,schedutil,306000000,306000000,1020000000,nvhost_podgov,0,3,70,47687,48781,48468,48250,48000,48781,5692,1271,1472
23484728714062,100000585,345600,115200,1728000,schedutil,306000000,306000000,1020000000,nvhost_podgov,0,3,70,48000,49062,48531,48218,48000,49062,5692,1232,1472
23484828699447,99985385,345600,115200,1728000,schedutil,306000000,306000000,1020000000,nvhost_podgov,0,3,70,47718,48937,48531,48093,47937,48781,5652,1192,1472
23484928718625,100019178,422400,115200,1728000,schedutil,306000000,306000000,1020000000,nvhost_podgov,0,3,70,47812,48687,48687,48156,47968,48687,5652,1192,1472
23485028700074,99981449,422400,115200,1728000,schedutil,306000000,306000000,1020000000,nvhost_podgov,0,3,70,47906,49093,48562,48062,48000,49093,5652,1192,1472
23485128710068,100009994,1267200,115200,1728000,schedutil,306000000,306000000,1020000000,nvhost_podgov,0,3,70,47781,48937,48531,48343,48000,48937,5652,1192,1472
23485228716413,100006345,345600,115200,1728000,schedutil,306000000,306000000,1020000000,nvhost_podgov,0,3,70,47781,48750,48531,48218,47875,48750,5692,1232,1472
23485328723207,100006794,576000,115200,1728000,schedutil,306000000,306000000,1020000000,nvhost_podgov,0,3,70,47718,48656,48531,48250,47906,48656,5692,1232,1472
23485428717008,99993801,422400,115200,1728000,schedutil,306000000,306000000,1020000000,nvhost_podgov,0,3,70,47750,49000,48500,48093,47968,48812,5652,1192,1472
23485528725882,100008874,345600,115200,1728000,schedutil,306000000,306000000,1020000000,nvhost_podgov,0,3,70,47968,48781,48468,48156,47968,48781,5652,1232,1472
23485628717699,99991817,422400,115200,1728000,schedutil,306000000,306000000,1020000000,nvhost_podgov,0,3,70,47656,48750,48500,48062,48031,48812,5652,1232,1472
23485728718637,100000938,422400,115200,1728000,schedutil,306000000,306000000,1020000000,nvhost_podgov,0,3,70,47906,48781,48500,48125,48000,48781,5652,1232,1472
23485828706870,99988233,1728000,115200,1728000,schedutil,306000000,306000000,1020000000,nvhost_podgov,0,3,70,48000,48781,48406,48062,48031,48781,5652,1232,1472
23485928699391,99992521,1728000,115200,1728000,schedutil,306000000,306000000,1020000000,nvhost_podgov,0,3,70,47875,48750,48531,48093,48031,48750,5652,1232,1472
23486028700329,100000938,1728000,115200,1728000,schedutil,306000000,306000000,1020000000,nvhost_podgov,0,3,70,47906,48812,48531,48125,48031,48812,5652,1232,1472
23486128864406,100164077,422400,115200,1728000,schedutil,306000000,306000000,1020000000,nvhost_podgov,0,3,70,47812,48750,48562,48281,48031,48750,5652,1232,1472
23486228871711,100007305,422400,115200,1728000,schedutil,306000000,306000000,1020000000,nvhost_podgov,0,3,70,47812,48718,48468,48156,47937,48968,5652,1232,1472
23486328698565,99826854,345600,115200,1728000,schedutil,306000000,306000000,1020000000,nvhost_podgov,0,3,70,47687,48812,48500,48156,47906,48812,5652,1232,1472
23486428720271,100021706,422400,115200,1728000,schedutil,306000000,306000000,1020000000,nvhost_podgov,0,3,70,47812,48812,48531,48093,48093,48812,5652,1232,1472
23486528712984,99992713,576000,115200,1728000,schedutil,306000000,306000000,1020000000,nvhost_podgov,0,3,70,48312,48937,48437,48125,48062,48937,5692,1271,1472
23486628722146,100009162,1728000,115200,1728000,schedutil,306000000,306000000,1020000000,nvhost_podgov,0,3,70,48093,48906,48437,48093,48031,48906,5772,1311,1472
23486728705611,99983465,1728000,115200,1728000,schedutil,306000000,306000000,1020000000,nvhost_podgov,0,3,70,47937,48812,48562,48093,48000,48812,5732,1271,1472
23486828715637,100010026,345600,115200,1728000,schedutil,306000000,306000000,1020000000,nvhost_podgov,0,3,70,47812,49000,48562,48093,48031,49000,5732,1271,1472
23486928719455,100003818,422400,115200,1728000,schedutil,306000000,306000000,1020000000,nvhost_podgov,0,3,70,47750,48937,48531,48281,47937,48937,5692,1232,1472
23487028722504,100003049,422400,115200,1728000,schedutil,306000000,306000000,1020000000,nvhost_podgov,0,3,70,47750,48906,48531,48250,47906,48687,5692,1232,1472
23487128701265,99978761,1728000,115200,1728000,schedutil,306000000,306000000,1020000000,nvhost_podgov,0,3,70,47718,49093,48531,48187,48000,49093,5652,1232,1472
23487228708123,100006858,576000,115200,1728000,schedutil,306000000,306000000,1020000000,nvhost_podgov,0,3,70,47687,48968,48531,48156,47968,48968,5692,1232,1472
23487328715205,100007082,576000,115200,1728000,schedutil,306000000,306000000,1020000000,nvhost_podgov,0,3,70,47937,48750,48375,48187,48031,48750,5652,1232,1472
23487428709486,99994281,345600,115200,1728000,schedutil,306000000,306000000,1020000000,nvhost_podgov,0,3,70,47937,48718,48562,48031,48093,48718,5652,1232,1472
23487528714264,100004778,729600,115200,1728000,schedutil,306000000,306000000,1020000000,nvhost_podgov,0,3,70,47875,49031,48656,48000,47937,49031,5652,1232,1472
23487628710881,99996617,422400,115200,1728000,schedutil,306000000,306000000,1020000000,nvhost_podgov,0,3,70,47843,48781,48625,48125,48031,48781,5652,1232,1472
23487728714955,100004074,268800,115200,1728000,schedutil,306000000,306000000,1020000000,nvhost_podgov,0,3,70,47687,48781,48562,48093,48031,48781,5652,1232,1472
23487828720757,100005802,345600,115200,1728000,schedutil,306000000,306000000,1020000000,nvhost_podgov,0,3,70,47625,49093,48562,48187,47937,48781,5612,1232,1472
23487928717310,99996553,422400,115200,1728000,schedutil,306000000,306000000,1020000000,nvhost_podgov,0,3,70,47687,48781,48531,48250,48031,48781,5612,1192,1472
23488028716264,99998954,499200,115200,1728000,schedutil,306000000,306000000,1020000000,nvhost_podgov,0,3,70,47906,48781,48531,48187,48000,48781,5732,1271,1472
23488128717809,100001545,422400,115200,1728000,schedutil,306000000,306000000,1020000000,nvhost_podgov,0,3,70,48031,48718,48500,48093,48062,48781,5692,1271,1472
23488228716699,99998890,576000,115200,1728000,schedutil,306000000,306000000,1020000000,nvhost_podgov,0,3,70,48000,48843,48531,48125,48031,48843,5732,1271,1472
23488328711748,99995049,1728000,115200,1728000,schedutil,306000000,306000000,1020000000,nvhost_podgov,0,3,70,47750,48781,48625,48125,47968,48781,5732,1271,1472
23488428718286,100006538,268800,115200,1728000,schedutil,306000000,306000000,1020000000,nvhost_podgov,0,3,70,47875,48812,48718,48125,48000,48812,5652,1232,1472
23488528719608,100001322,345600,115200,1728000,schedutil,306000000,306000000,1020000000,nvhost_podgov,0,3,70,47812,48781,48468,48125,47937,48781,5652,1232,1472
23488628706977,99987369,345600,115200,1728000,schedutil,306000000,306000000,1020000000,nvhost_podgov,0,3,70,47906,48781,48500,48218,48031,48781,5612,1232,1472
23488728724043,100017066,499200,115200,1728000,schedutil,306000000,306000000,1020000000,nvhost_podgov,0,3,70,47875,48843,48593,48281,47968,48843,5652,1232,1472
23488828699316,99975273,422400,115200,1728000,schedutil,306000000,306000000,1020000000,nvhost_podgov,0,3,70,47875,48843,48500,48187,47937,48843,5692,1232,1472
23488928701470,100002154,345600,115200,1728000,schedutil,306000000,306000000,1020000000,nvhost_podgov,0,3,70,48000,48781,48500,48062,48000,48781,5652,1232,1472
23489028708007,100006537,1728000,115200,1728000,schedutil,306000000,306000000,1020000000,nvhost_podgov,0,3,70,47875,49031,48500,48156,48062,49031,5692,1271,1472
23489128709169,100001162,345600,115200,1728000,schedutil,306000000,306000000,1020000000,nvhost_podgov,0,3,70,47875,48875,48531,48125,48000,48781,5692,1271,1472
23489228716315,100007146,499200,115200,1728000,schedutil,306000000,306000000,1020000000,nvhost_podgov,0,3,70,47968,49031,48625,48125,48031,49031,5692,1232,1472
23489328720453,100004138,499200,115200,1728000,schedutil,306000000,306000000,1020000000,nvhost_podgov,0,3,70,47875,48937,48656,48062,47937,48937,5692,1271,1472
23489428725070,100004617,499200,115200,1728000,schedutil,306000000,306000000,1020000000,nvhost_podgov,0,3,70,47968,48875,48593,48281,48000,48718,5692,1271,1472
23489528717144,99992074,499200,115200,1728000,schedutil,306000000,306000000,1020000000,nvhost_podgov,0,3,70,47718,49156,48531,48281,47968,49156,5692,1271,1472
23489628719649,100002505,652800,115200,1728000,schedutil,306000000,306000000,1020000000,nvhost_podgov,0,3,70,47875,49062,48531,48218,47968,49062,5692,1271,1472
23489728702891,99983242,576000,115200,1728000,schedutil,306000000,306000000,1020000000,nvhost_podgov,0,3,70,47750,48937,48500,48156,48031,48750,5692,1271,1472
23489828704884,100001993,1728000,115200,1728000,schedutil,306000000,306000000,1020000000,nvhost_podgov,0,3,70,47656,48781,48500,48218,48062,48781,5692,1271,1472
23489928698462,99993578,268800,115200,1728000,schedutil,306000000,306000000,1020000000,nvhost_podgov,0,3,70,47906,49093,48468,48218,48031,49093,5652,1232,1472
23490028706120,100007658,268800,115200,1728000,schedutil,306000000,306000000,1020000000,nvhost_podgov,0,3,70,47968,48906,48625,48093,48031,48750,5652,1232,1472
